P14_023NA,P14_025NA,P14_027NA,P14_029NA,P14_008NA,P14_006NA,P14_040NA,P14_004NA,P14_042NA,P14_002NA,P14_021NA,P14_020N,P14_040N,P14_024N,P14_012N,P14_032N,P14_028N,P14_016N,P14_004N,P14_036N,P14_008N,P14_013NA,P14_034NA,P14_015NA,P14_036NA,P14_017NA,P14_038NA,P14_019NA,P14_030NA,NAME,P14_011NA,P14_032NA,P14_031N,P14_035N,P14_023N,P14_011N,P14_043N,P14_039N,P14_027N,P14_015N,P14_003N,P14_019N,P14_007N,P14_024NA,P14_026NA,P14_028NA,P14_007NA,P14_005NA,P14_003NA,P14_020NA,P14_041NA,P14_001NA,P14_022NA,P14_043NA,P14_042N,P14_030N,P14_002N,P14_034N,P14_022N,P14_010N,P14_006N,P14_038N,P14_026N,P14_014N,P14_018N,P14_012NA,P14_035NA,P14_014NA,P14_037NA,P14_016NA,P14_039NA,P14_018NA,P14_031NA,P14_010NA,P14_033NA,GEO_ID,P14_041N,P14_013N,P14_001N,P14_033N,P14_009NA,P14_021N,P14_017N,P14_005N,P14_037N,P14_025N,P14_009N,P14_029N
,,,,,,,,,,,8,4,12,2,11,8,8,4,3,3,,,,,,,,,Block Group 1; Census Tract 121.01; Boulder County; Colorado,,,4,6,112,10,2,6,5,6,4,4,6,,,,,,,,,,,,1,8,103,7,3,3,3,3,5,3,12,,,,,,,,,,,1500000US080130121011,8,5,215,8,,7,5,1,6,2,6,3
,,,,,,,,,,,9,16,3,5,15,7,10,0,15,14,,,,,,,,,Block Group 2; Census Tract 121.01; Boulder County; Colorado,,,8,17,207,23,3,9,8,9,7,26,9,,,,,,,,,,,,14,7,227,12,9,13,3,16,6,11,9,,,,,,,,,,,1500000US080130121012,17,21,434,18,,13,18,6,6,7,12,3
,,,,,,,,,,,3,12,3,10,5,10,9,10,3,9,,,,,,,,,Block Group 3; Census Tract 121.01; Boulder County; Colorado,,,4,12,124,3,2,5,6,11,5,8,0,,,,,,,,,,,,5,5,130,9,8,1,4,9,1,13,11,,,,,,,,,,,1500000US080130121013,9,0,254,5,,0,14,3,10,6,8,3
,,,,,,,,,,,5,8,2,5,8,4,5,4,6,1,,,,,,,,,Block Group 4; Census Tract 121.01; Boulder County; Colorado,,,5,9,77,4,5,2,2,10,0,4,3,,,,,,,,,,,,3,0,105,4,6,7,6,4,0,8,14,,,,,,,,,,,1500000US080130121014,5,5,182,1,,3,12,1,3,3,2,3
,,,,,,,,,,,12,8,1,6,5,1,7,5,8,8,,,,,,,,,Block Group 1; Census Tract 121.03; Boulder County; Colorado,,,0,2,87,5,7,10,6,4,1,1,0,,,,,,,,,,,,3,6,90,6,0,3,3,5,0,1,2,,,,,,,,,,,1500000US080130121031,5,14,177,5,,4,10,0,4,3,4,2
,,,,,,,,,,,10,25,5,6,0,8,8,2,6,3,,,,,,,,,Block Group 2; Census Tract 121.03; Boulder County; Colorado,,,4,11,145,10,5,6,3,7,0,16,8,,,,,,,,,,,,10,8,118,5,3,6,5,14,3,7,5,,,,,,,,,,,1500000US080130121032,5,9,263,9,,4,7,2,13,1,0,4
,,,,,,,,,,,5,3,1,8,6,5,10,3,6,10,,,,,,,,,Block Group 3; Census Tract 121.03; Boulder County; Colorado,,,13,9,127,10,12,7,1,8,8,2,4,,,,,,,,,,,,5,10,152,9,5,5,6,6,13,7,12,,,,,,,,,,,1500000US080130121033,8,10,279,2,,16,6,11,1,4,6,6
,,,,,,,,,,,14,12,7,10,13,6,11,7,13,7,,,,,,,,,Block Group 1; Census Tract 121.04; Boulder County; Colorado,,,6,6,174,6,6,13,1,15,2,12,10,,,,,,,,,,,,9,1,175,14,11,12,8,14,11,6,12,,,,,,,,,,,1500000US080130121041,15,8,349,4,,6,7,3,12,4,8,7
,,,,,,,,,,,10,8,6,6,8,6,5,6,1,0,,,,,,,,,Block Group 2; Census Tract 121.04; Boulder County; Colorado,,,10,7,120,3,6,6,5,9,6,12,3,,,,,,,,,,,,4,13,134,5,3,12,8,1,0,12,6,,,,,,,,,,,1500000US080130121042,11,5,254,11,,7,9,4,10,2,8,0
,,,,,,,,,,,15,4,7,14,13,5,10,8,8,6,,,,,,,,,Block Group 1; Census Tract 121.05; Boulder County; Colorado,,,7,8,160,10,7,12,9,8,7,9,9,,,,,,,,,,,,2,11,205,12,4,17,12,9,8,3,17,,,,,,,,,,,1500000US080130121051,8,14,365,7,,10,11,11,12,6,10,5
,,,,,,,,,,,16,27,11,24,22,16,9,15,26,13,,,,,,,,,Block Group 2; Census Tract 121.05; Boulder County; Colorado,,,15,16,366,24,18,17,19,34,14,23,30,,,,,,,,,,,,20,23,412,22,20,24,12,15,19,23,19,,,,,,,,,,,1500000US080130121052,21,26,778,17,,24,25,18,15,12,19,15
,,,,,,,,,,,9,12,5,15,9,5,7,4,8,5,,,,,,,,,Block Group 3; Census Tract 121.05; Boulder County; Colorado,,,8,5,154,10,8,12,5,12,6,6,5,,,,,,,,,,,,1,12,179,12,7,11,8,3,6,5,14,,,,,,,,,,,1500000US080130121053,14,10,333,4,,12,14,4,12,3,15,10
,,,,,,,,,,,7,3,1,2,1,6,3,1,9,7,,,,,,,,,Block Group 4; Census Tract 121.05; Boulder County; Colorado,,,7,7,115,2,2,7,6,6,6,15,2,,,,,,,,,,,,8,7,97,4,3,4,3,14,2,9,6,,,,,,,,,,,1500000US080130121054,5,2,212,10,,6,8,3,6,3,2,7
,,,,,,,,,,,8,7,1,2,5,5,5,2,2,0,,,,,,,,,Block Group 1; Census Tract 121.06; Boulder County; Colorado,,,7,3,99,3,1,2,9,0,4,6,2,,,,,,,,,,,,5,6,80,2,2,5,8,5,1,6,0,,,,,,,,,,,1500000US080130121061,6,7,179,6,,7,5,7,12,3,1,11
,,,,,,,,,,,23,8,7,5,17,7,15,11,11,13,,,,,,,,,Block Group 2; Census Tract 121.06; Boulder County; Colorado,,,4,18,189,11,7,10,12,14,5,15,12,,,,,,,,,,,,14,9,229,9,6,2,10,18,9,15,10,,,,,,,,,,,1500000US080130121062,9,16,418,8,,15,7,12,1,8,12,3
,,,,,,,,,,,5,5,10,8,16,4,23,3,5,11,,,,,,,,,Block Group 1; Census Tract 121.07; Boulder County; Colorado,,,14,11,171,11,8,10,9,3,6,6,6,,,,,,,,,,,,11,6,161,9,3,12,10,4,10,11,7,,,,,,,,,,,1500000US080130121071,10,9,332,13,,3,6,6,6,3,12,7
,,,,,,,,,,,5,6,3,10,7,1,6,8,7,0,,,,,,,,,Block Group 2; Census Tract 121.07; Boulder County; Colorado,,,5,1,126,6,3,12,5,9,0,9,12,,,,,,,,,,,,3,3,138,9,11,5,5,13,6,8,7,,,,,,,,,,,1500000US080130121072,4,16,264,9,,6,4,7,12,8,4,9
,,,,,,,,,,,3,6,6,8,1,10,4,6,5,6,,,,,,,,,Block Group 3; Census Tract 121.07; Boulder County; Colorado,,,6,5,110,6,6,8,0,8,0,11,2,,,,,,,,,,,,3,5,101,6,1,7,6,8,2,5,7,,,,,,,,,,,1500000US080130121073,8,4,211,4,,0,9,2,7,4,6,10
,,,,,,,,,,,1,1,2,5,0,0,5,0,1,0,,,,,,,,,Block Group 1; Census Tract 122.01; Boulder County; Colorado,,,5,1,30,3,2,3,1,0,2,1,3,,,,,,,,,,,,2,1,38,0,2,0,6,0,3,2,1,,,,,,,,,,,1500000US080130122011,3,0,68,0,,2,0,5,3,2,0,0
,,,,,,,,,,,10,6,2,2,6,0,6,7,4,1,,,,,,,,,Block Group 2; Census Tract 122.01; Boulder County; Colorado,,,0,3,64,4,7,2,3,2,4,3,1,,,,,,,,,,,,1,3,86,8,14,2,4,0,2,9,3,,,,,,,,,,,1500000US080130122012,1,0,150,2,,5,2,4,6,5,3,3
,,,,,,,,,,,6,12,3,9,7,6,7,6,8,3,,,,,,,,,Block Group 3; Census Tract 122.01; Boulder County; Colorado,,,7,5,130,11,9,9,6,5,3,13,8,,,,,,,,,,,,7,6,140,11,10,9,4,9,4,7,2,,,,,,,,,,,1500000US080130122013,3,11,270,5,,4,8,7,4,5,7,4
,,,,,,,,,,,5,2,6,0,1,3,2,0,4,0,,,,,,,,,Block Group 1; Census Tract 122.04; Boulder County; Colorado,,,2,4,41,2,4,0,0,0,0,2,0,,,,,,,,,,,,2,1,27,1,5,2,0,4,2,1,1,,,,,,,,,,,1500000US080130122041,0,0,68,0,,0,2,3,0,1,2,4
,,,,,,,,,,,4,2,8,1,1,3,3,6,1,1,,,,,,,,,Block Group 2; Census Tract 122.04; Boulder County; Colorado,,,0,4,88,2,41,0,1,2,2,4,3,,,,,,,,,,,,7,1,76,5,17,3,8,3,3,1,2,,,,,,,,,,,1500000US080130122042,2,4,164,0,,3,1,4,1,5,5,0
,,,,,,,,,,,1,4,6,1,0,1,1,6,2,0,,,,,,,,,Block Group 3; Census Tract 122.04; Boulder County; Colorado,,,2,1,50,6,6,0,1,0,7,2,1,,,,,,,,,,,,4,2,47,4,5,0,2,2,1,3,4,,,,,,,,,,,1500000US080130122043,3,2,97,4,,2,2,1,2,3,1,2
,,,,,,,,,,,1,0,4,1,2,2,7,4,5,0,,,,,,,,,Block Group 1; Census Tract 122.05; Boulder County; Colorado,,,2,5,58,3,6,0,2,3,7,2,2,,,,,,,,,,,,6,3,62,1,4,6,3,0,2,2,4,,,,,,,,,,,1500000US080130122051,7,3,120,6,,3,3,1,2,2,3,1
,,,,,,,,,,,4,6,5,4,0,2,1,2,1,1,,,,,,,,,Block Group 2; Census Tract 122.05; Boulder County; Colorado,,,0,0,73,2,21,2,6,2,7,2,4,,,,,,,,,,,,10,2,75,2,20,1,2,2,1,0,7,,,,,,,,,,,1500000US080130122052,5,1,148,0,,3,3,4,7,1,5,0
,,,,,,,,,,,0,3,1,0,2,2,2,3,0,1,,,,,,,,,Block Group 1; Census Tract 122.06; Boulder County; Colorado,,,1,2,62,2,35,0,4,2,4,1,0,,,,,,,,,,,,8,1,82,1,40,3,3,2,0,2,4,,,,,,,,,,,1500000US080130122061,0,0,144,0,,6,0,9,0,0,0,0
,,,,,,,,,,,2,0,2,1,0,3,0,1,1,1,,,,,,,,,Block Group 2; Census Tract 122.06; Boulder County; Colorado,,,2,0,95,2,39,1,4,0,4,4,5,,,,,,,,,,,,27,6,94,0,47,2,1,0,2,1,0,,,,,,,,,,,1500000US080130122062,4,1,189,0,,16,1,0,0,4,5,0
,,,,,,,,,,,16,15,9,6,6,8,15,14,25,16,,,,,,,,,Block Group 1; Census Tract 122.07; Boulder County; Colorado,,,6,10,252,7,10,12,9,12,8,17,14,,,,,,,,,,,,14,14,249,17,17,11,15,17,11,15,4,,,,,,,,,,,1500000US080130122071,17,13,501,14,,11,17,13,17,7,8,14
,,,,,,,,,,,13,8,10,24,9,10,9,11,7,9,,,,,,,,,Block Group 2; Census Tract 122.07; Boulder County; Colorado,,,16,12,236,10,17,15,22,7,9,17,7,,,,,,,,,,,,9,3,237,16,7,18,17,11,13,16,13,,,,,,,,,,,1500000US080130122072,18,12,473,8,,7,22,4,8,11,5,13
,,,,,,,,,,,1,1,2,2,0,2,4,0,1,3,,,,,,,,,Block Group 3; Census Tract 122.07; Boulder County; Colorado,,,4,3,68,9,6,5,1,4,7,0,2,,,,,,,,,,,,5,10,77,7,9,3,1,8,3,4,5,,,,,,,,,,,1500000US080130122073,1,7,145,5,,2,1,7,2,0,6,2
,,,,,,,,,,,3,2,4,2,5,5,8,5,6,8,,,,,,,,,Block Group 1; Census Tract 122.08; Boulder County; Colorado,,,6,4,105,4,17,4,2,0,10,5,3,,,,,,,,,,,,2,2,109,7,6,2,6,2,9,8,4,,,,,,,,,,,1500000US080130122081,9,2,214,0,,19,8,1,7,6,5,6
,,,,,,,,,,,1,0,1,0,0,0,1,2,0,1,,,,,,,,,Block Group 2; Census Tract 122.08; Boulder County; Colorado,,,0,0,13,0,5,1,0,0,0,0,0,,,,,,,,,,,,0,1,13,0,2,0,0,0,0,1,0,,,,,,,,,,,1500000US080130122082,0,1,26,0,,2,1,1,0,5,0,0
,,,,,,,,,,,10,1,1,0,0,0,0,1,0,0,,,,,,,,,Block Group 1; Census Tract 123; Boulder County; Colorado,,,0,0,2156,0,1225,1,0,1,0,2,1,,,,,,,,,,,,922,0,2288,2,1497,0,1,1,0,1,0,,,,,,,,,,,1500000US080130123001,2,0,4444,0,,774,0,0,0,0,0,1
,,,,,,,,,,,6,0,4,3,0,6,0,6,0,7,,,,,,,,,Block Group 2; Census Tract 123; Boulder County; Colorado,,,3,0,49,2,11,0,0,2,6,1,4,,,,,,,,,,,,7,0,79,2,16,0,2,0,0,0,2,,,,,,,,,,,1500000US080130123002,6,2,128,0,,9,1,8,0,5,2,5
,,,,,,,,,,,4,0,11,0,3,7,4,7,1,0,,,,,,,,,Block Group 1; Census Tract 124.01; Boulder County; Colorado,,,0,4,148,2,86,2,2,1,5,3,0,,,,,,,,,,,,13,3,133,1,62,3,1,2,3,4,1,,,,,,,,,,,1500000US080130124011,0,0,281,2,,28,1,5,3,4,2,1
,,,,,,,,,,,9,3,4,1,0,5,2,7,2,6,,,,,,,,,Block Group 2; Census Tract 124.01; Boulder County; Colorado,,,0,1,172,5,109,4,7,3,5,4,4,,,,,,,,,,,,12,4,158,3,72,2,0,4,1,0,1,,,,,,,,,,,1500000US080130124012,1,2,330,1,,24,2,2,3,0,7,8
,,,,,,,,,,,2,0,3,4,5,6,3,1,0,1,,,,,,,,,Block Group 3; Census Tract 124.01; Boulder County; Colorado,,,0,0,61,2,25,0,1,1,0,5,2,,,,,,,,,,,,5,3,60,1,10,4,0,0,1,1,7,,,,,,,,,,,1500000US080130124013,3,0,121,1,,5,7,0,2,0,5,5
,,,,,,,,,,,4,2,2,7,1,2,3,0,2,4,,,,,,,,,Block Group 4; Census Tract 124.01; Boulder County; Colorado,,,2,3,139,1,58,1,5,0,8,0,6,,,,,,,,,,,,29,0,142,5,54,3,5,5,4,7,3,,,,,,,,,,,1500000US080130124014,3,10,281,1,,15,1,7,8,6,4,0
,,,,,,,,,,,9,3,3,7,12,3,2,5,4,8,,,,,,,,,Block Group 1; Census Tract 125.01; Boulder County; Colorado,,,6,8,134,10,4,3,4,14,10,8,11,,,,,,,,,,,,16,4,146,6,8,8,3,12,10,10,16,,,,,,,,,,,1500000US080130125011,11,4,280,12,,4,1,5,2,5,3,6
,,,,,,,,,,,5,3,0,7,3,6,1,3,6,6,,,,,,,,,Block Group 2; Census Tract 125.01; Boulder County; Colorado,,,7,3,76,2,0,7,2,1,9,4,4,,,,,,,,,,,,3,8,72,8,3,6,5,3,1,0,2,,,,,,,,,,,1500000US080130125012,3,4,148,3,,4,4,0,4,3,2,3
,,,,,,,,,,,10,3,3,1,1,4,2,5,3,4,,,,,,,,,Block Group 1; Census Tract 125.05; Boulder County; Colorado,,,1,6,76,5,2,6,0,3,5,6,2,,,,,,,,,,,,3,4,86,5,8,4,3,5,2,7,5,,,,,,,,,,,1500000US080130125051,9,7,162,2,,0,5,0,4,6,4,7
,,,,,,,,,,,14,28,7,16,17,14,19,11,19,9,,,,,,,,,Block Group 2; Census Tract 125.05; Boulder County; Colorado,,,12,17,303,6,7,11,6,21,8,17,7,,,,,,,,,,,,15,13,277,19,14,11,9,26,10,21,22,,,,,,,,,,,1500000US080130125052,20,25,580,14,,20,18,1,17,15,8,16
,,,,,,,,,,,6,1,2,5,4,2,10,2,8,5,,,,,,,,,Block Group 3; Census Tract 125.05; Boulder County; Colorado,,,11,4,102,5,12,3,10,4,1,12,1,,,,,,,,,,,,5,5,105,4,4,6,2,10,0,0,6,,,,,,,,,,,1500000US080130125053,6,6,207,7,,7,8,9,2,1,6,5
,,,,,,,,,,,6,3,7,3,8,6,5,2,7,14,,,,,,,,,Block Group 1; Census Tract 125.07; Boulder County; Colorado,,,1,4,102,0,10,7,2,6,8,7,12,,,,,,,,,,,,7,4,150,6,35,6,3,0,8,5,5,,,,,,,,,,,1500000US080130125071,4,8,252,5,,2,7,7,6,3,9,4
,,,,,,,,,,,2,1,3,6,3,7,4,5,7,7,,,,,,,,,Block Group 2; Census Tract 125.07; Boulder County; Colorado,,,10,6,138,6,24,5,7,14,10,4,3,,,,,,,,,,,,8,9,140,5,41,6,5,4,11,0,3,,,,,,,,,,,1500000US080130125072,5,9,278,6,,3,2,4,6,2,6,9
,,,,,,,,,,,6,2,2,0,0,7,4,2,4,4,,,,,,,,,Block Group 3; Census Tract 125.07; Boulder County; Colorado,,,7,3,87,0,4,1,5,0,9,6,4,,,,,,,,,,,,2,8,79,8,3,1,3,1,7,5,5,,,,,,,,,,,1500000US080130125073,6,6,166,5,,8,4,8,6,2,1,7
,,,,,,,,,,,7,7,1,5,4,3,13,5,4,6,,,,,,,,,Block Group 1; Census Tract 125.08; Boulder County; Colorado,,,9,2,94,6,9,11,6,8,2,1,6,,,,,,,,,,,,1,4,113,6,6,6,0,3,2,2,10,,,,,,,,,,,1500000US080130125081,4,2,207,3,,8,5,9,9,1,6,5
,,,,,,,,,,,4,0,1,3,2,7,2,5,1,1,,,,,,,,,Block Group 2; Census Tract 125.08; Boulder County; Colorado,,,3,5,74,0,5,0,7,3,5,6,5,,,,,,,,,,,,3,2,76,6,5,7,2,2,7,4,4,,,,,,,,,,,1500000US080130125082,2,6,150,3,,7,4,0,3,10,3,5
,,,,,,,,,,,5,1,7,6,4,7,1,1,2,8,,,,,,,,,Block Group 3; Census Tract 125.08; Boulder County; Colorado,,,7,0,74,4,1,4,1,6,3,1,4,,,,,,,,,,,,4,1,75,1,8,1,7,3,8,1,3,,,,,,,,,,,1500000US080130125083,9,0,149,2,,2,3,2,6,2,9,4
,,,,,,,,,,,3,2,0,6,5,4,7,1,9,4,,,,,,,,,Block Group 1; Census Tract 125.09; Boulder County; Colorado,,,9,11,115,4,4,5,6,10,3,7,3,,,,,,,,,,,,7,4,104,6,4,13,2,9,0,3,2,,,,,,,,,,,1500000US080130125091,10,15,219,6,,6,7,3,10,5,1,3
,,,,,,,,,,,13,20,2,17,15,6,11,4,11,10,,,,,,,,,Block Group 2; Census Tract 125.09; Boulder County; Colorado,,,10,11,215,18,6,9,8,15,6,9,9,,,,,,,,,,,,10,8,220,19,6,12,9,8,11,10,16,,,,,,,,,,,1500000US080130125092,12,16,435,5,,4,22,4,24,4,9,16
,,,,,,,,,,,11,7,2,0,5,3,5,2,6,2,,,,,,,,,Block Group 3; Census Tract 125.09; Boulder County; Colorado,,,0,7,96,11,0,12,0,9,1,7,0,,,,,,,,,,,,1,3,94,12,0,0,4,9,2,7,7,,,,,,,,,,,1500000US080130125093,5,6,190,3,,1,10,4,6,5,7,8
,,,,,,,,,,,8,4,2,1,2,0,5,2,7,5,,,,,,,,,Block Group 1; Census Tract 125.10; Boulder County; Colorado,,,4,3,86,2,11,4,4,3,0,15,6,,,,,,,,,,,,4,6,75,6,2,4,7,10,1,4,3,,,,,,,,,,,1500000US080130125101,8,0,161,4,,2,2,2,5,0,2,1
,,,,,,,,,,,7,2,3,5,8,1,3,1,19,1,,,,,,,,,Block Group 2; Census Tract 125.10; Boulder County; Colorado,,,10,6,138,10,4,14,8,7,2,14,2,,,,,,,,,,,,6,2,131,10,5,7,3,10,7,5,9,,,,,,,,,,,1500000US080130125102,1,9,269,9,,10,13,6,9,1,12,8
,,,,,,,,,,,16,9,5,11,8,7,14,1,7,5,,,,,,,,,Block Group 3; Census Tract 125.10; Boulder County; Colorado,,,12,7,150,10,3,18,0,8,3,16,3,,,,,,,,,,,,10,10,149,19,9,0,2,6,3,13,9,,,,,,,,,,,1500000US080130125103,10,8,299,9,,7,10,0,7,0,4,0
,,,,,,,,,,,4,7,0,0,3,0,5,2,2,1,,,,,,,,,Block Group 4; Census Tract 125.10; Boulder County; Colorado,,,6,7,62,3,5,3,4,2,2,2,0,,,,,,,,,,,,0,1,57,3,0,0,0,4,5,1,9,,,,,,,,,,,1500000US080130125104,4,6,119,3,,7,5,6,2,2,2,1
,,,,,,,,,,,7,4,2,6,8,8,9,3,10,2,,,,,,,,,Block Group 1; Census Tract 125.11; Boulder County; Colorado,,,5,5,94,7,5,6,3,2,3,4,5,,,,,,,,,,,,4,10,107,2,4,9,2,5,3,7,2,,,,,,,,,,,1500000US080130125111,1,3,201,6,,9,2,12,6,1,9,0
,,,,,,,,,,,13,3,6,4,2,8,11,4,4,7,,,,,,,,,Block Group 2; Census Tract 125.11; Boulder County; Colorado,,,5,8,140,10,15,7,5,12,8,1,6,,,,,,,,,,,,13,4,148,5,11,6,7,15,5,7,10,,,,,,,,,,,1500000US080130125112,9,11,288,4,,6,6,1,8,7,7,7
,,,,,,,,,,,1,0,1,0,0,0,0,0,0,1,,,,,,,,,Block Group 3; Census Tract 125.11; Boulder County; Colorado,,,0,0,1205,0,666,0,0,0,0,0,1,,,,,,,,,,,,535,0,1080,0,685,0,0,0,0,0,0,,,,,,,,,,,1500000US080130125113,3,0,2285,0,,391,1,0,0,0,0,0
,,,,,,,,,,,14,7,1,9,10,3,5,5,8,4,,,,,,,,,Block Group 1; Census Tract 126.03; Boulder County; Colorado,,,5,2,112,9,11,14,2,11,2,9,2,,,,,,,,,,,,3,7,129,4,0,5,11,6,4,3,10,,,,,,,,,,,1500000US080130126031,8,4,241,2,,2,12,8,12,2,4,1
,,,,,,,,,,,10,10,8,7,10,4,8,6,6,8,,,,,,,,,Block Group 2; Census Tract 126.03; Boulder County; Colorado,,,5,5,112,3,6,1,4,9,3,14,2,,,,,,,,,,,,6,8,132,6,7,6,1,3,7,4,12,,,,,,,,,,,1500000US080130126032,9,4,244,3,,11,7,5,1,2,5,8
,,,,,,,,,,,4,3,0,1,7,3,3,3,3,6,,,,,,,,,Block Group 3; Census Tract 126.03; Boulder County; Colorado,,,4,9,82,0,3,10,3,5,5,2,8,,,,,,,,,,,,3,4,81,5,2,5,3,6,2,9,5,,,,,,,,,,,1500000US080130126033,1,7,163,6,,4,5,0,5,1,4,4
,,,,,,,,,,,2,0,2,0,0,1,1,2,2,0,,,,,,,,,Block Group 1; Census Tract 126.05; Boulder County; Colorado,,,1,0,20,0,4,0,0,0,0,2,0,,,,,,,,,,,,0,0,19,4,3,0,3,1,1,0,0,,,,,,,,,,,1500000US080130126051,2,0,39,0,,3,0,1,1,0,2,1
,,,,,,,,,,,2,0,3,2,0,0,0,2,2,0,,,,,,,,,Block Group 2; Census Tract 126.05; Boulder County; Colorado,,,2,1,39,0,10,0,1,1,4,0,0,,,,,,,,,,,,1,1,56,0,27,0,0,2,5,6,3,,,,,,,,,,,1500000US080130126052,1,3,95,0,,0,3,1,3,4,2,3
,,,,,,,,,,,7,6,3,6,1,12,9,4,11,1,,,,,,,,,Block Group 1; Census Tract 126.08; Boulder County; Colorado,,,11,6,141,16,13,10,9,6,12,4,6,,,,,,,,,,,,1,9,162,3,8,10,7,11,9,6,8,,,,,,,,,,,1500000US080130126081,3,8,303,7,,12,9,12,6,2,11,8
,,,,,,,,,,,2,0,1,0,5,1,4,4,2,2,,,,,,,,,Block Group 1; Census Tract 126.09; Boulder County; Colorado,,,0,0,58,0,19,3,0,1,4,5,1,,,,,,,,,,,,4,2,68,5,24,3,1,5,1,1,4,,,,,,,,,,,1500000US080130126091,1,2,126,1,,5,1,4,6,2,0,0
,,,,,,,,,,,0,0,3,2,0,4,0,4,1,3,,,,,,,,,Block Group 1; Census Tract 126.10; Boulder County; Colorado,,,0,3,111,1,76,3,0,1,5,1,2,,,,,,,,,,,,9,0,128,2,79,0,2,1,2,1,2,,,,,,,,,,,1500000US080130126101,2,3,239,2,,16,0,6,1,1,0,1
,,,,,,,,,,,4,1,8,0,1,0,5,6,3,2,,,,,,,,,Block Group 2; Census Tract 126.10; Boulder County; Colorado,,,2,1,144,0,90,3,2,5,12,4,1,,,,,,,,,,,,3,3,157,3,87,1,2,4,4,0,2,,,,,,,,,,,1500000US080130126102,5,1,301,2,,22,1,2,2,3,0,4
,,,,,,,,,,,2,1,3,0,2,0,1,0,0,0,,,,,,,,,Block Group 3; Census Tract 126.10; Boulder County; Colorado,,,0,0,26,2,14,0,0,0,4,0,0,,,,,,,,,,,,2,1,26,0,10,0,2,1,2,1,0,,,,,,,,,,,1500000US080130126103,0,0,52,0,,3,0,1,0,0,0,0
,,,,,,,,,,,2,2,3,5,1,1,5,0,0,3,,,,,,,,,Block Group 1; Census Tract 127.01; Boulder County; Colorado,,,3,1,69,3,2,8,4,1,2,1,0,,,,,,,,,,,,8,3,63,1,3,9,5,7,5,7,4,,,,,,,,,,,1500000US080130127011,4,3,132,7,,1,4,0,8,0,5,1
,,,,,,,,,,,10,12,3,14,3,2,8,5,11,3,,,,,,,,,Block Group 2; Census Tract 127.01; Boulder County; Colorado,,,7,10,130,13,4,8,2,0,5,9,10,,,,,,,,,,,,7,3,160,11,2,2,3,11,6,12,8,,,,,,,,,,,1500000US080130127012,6,19,290,7,,10,13,4,9,7,10,1
,,,,,,,,,,,26,29,9,19,11,18,19,3,16,10,,,,,,,,,Block Group 3; Census Tract 127.01; Boulder County; Colorado,,,12,22,308,14,8,20,13,27,4,22,17,,,,,,,,,,,,9,13,321,22,8,13,17,23,9,27,24,,,,,,,,,,,1500000US080130127013,21,15,629,16,,14,16,7,19,13,19,5
,,,,,,,,,,,8,6,3,4,11,9,10,5,13,7,,,,,,,,,Block Group 4; Census Tract 127.01; Boulder County; Colorado,,,5,7,168,9,6,11,12,9,5,13,6,,,,,,,,,,,,15,8,148,8,4,9,9,15,3,8,8,,,,,,,,,,,1500000US080130127014,9,7,316,6,,11,6,5,9,7,5,5
,,,,,,,,,,,5,3,4,4,4,8,2,3,1,0,,,,,,,,,Block Group 1; Census Tract 127.05; Boulder County; Colorado,,,0,2,64,2,6,4,0,2,2,1,5,,,,,,,,,,,,8,0,45,1,1,1,2,3,1,0,2,,,,,,,,,,,1500000US080130127051,6,4,109,2,,2,1,6,2,9,0,0
,,,,,,,,,,,3,12,1,7,0,3,5,3,4,6,,,,,,,,,Block Group 2; Census Tract 127.05; Boulder County; Colorado,,,2,1,64,1,3,5,4,5,2,3,3,,,,,,,,,,,,2,0,74,4,1,5,4,3,1,5,0,,,,,,,,,,,1500000US080130127052,10,7,138,2,,6,4,1,4,2,3,1
,,,,,,,,,,,5,6,1,5,1,1,7,1,9,7,,,,,,,,,Block Group 3; Census Tract 127.05; Boulder County; Colorado,,,3,3,63,2,0,4,6,2,6,6,1,,,,,,,,,,,,1,4,78,3,6,2,2,2,1,4,5,,,,,,,,,,,1500000US080130127053,8,1,141,6,,4,5,4,2,2,3,0
,,,,,,,,,,,3,0,0,1,3,2,4,3,1,4,,,,,,,,,Block Group 4; Census Tract 127.05; Boulder County; Colorado,,,3,7,57,0,0,5,1,1,0,0,3,,,,,,,,,,,,1,5,28,1,0,4,1,5,4,0,0,,,,,,,,,,,1500000US080130127054,3,0,85,2,,0,1,2,7,3,1,4
,,,,,,,,,,,1,4,2,0,1,1,0,1,0,1,,,,,,,,,Block Group 5; Census Tract 127.05; Boulder County; Colorado,,,2,1,26,2,1,3,1,0,1,1,1,,,,,,,,,,,,2,0,20,0,0,0,0,3,0,3,1,,,,,,,,,,,1500000US080130127055,1,1,46,0,,0,2,3,1,1,2,2
,,,,,,,,,,,6,0,10,4,3,8,11,7,7,6,,,,,,,,,Block Group 1; Census Tract 127.07; Boulder County; Colorado,,,2,10,139,3,12,9,3,8,3,18,7,,,,,,,,,,,,8,7,146,9,13,5,1,7,3,6,10,,,,,,,,,,,1500000US080130127071,7,4,285,8,,15,7,4,14,9,8,3
,,,,,,,,,,,2,0,0,4,2,3,5,3,5,3,,,,,,,,,Block Group 2; Census Tract 127.07; Boulder County; Colorado,,,2,7,70,8,7,3,3,2,4,4,4,,,,,,,,,,,,2,7,85,3,6,3,4,3,3,6,7,,,,,,,,,,,1500000US080130127072,9,2,155,5,,0,4,5,5,1,9,0
,,,,,,,,,,,8,9,0,5,6,2,11,5,1,6,,,,,,,,,Block Group 1; Census Tract 127.08; Boulder County; Colorado,,,10,4,91,4,5,1,0,2,2,8,2,,,,,,,,,,,,4,8,103,2,4,9,4,5,7,3,3,,,,,,,,,,,1500000US080130127081,6,6,194,4,,4,5,8,2,8,4,7
,,,,,,,,,,,5,8,6,8,3,3,13,5,9,4,,,,,,,,,Block Group 2; Census Tract 127.08; Boulder County; Colorado,,,1,5,87,11,1,7,3,7,2,9,0,,,,,,,,,,,,7,2,119,5,4,8,6,1,4,7,10,,,,,,,,,,,1500000US080130127082,6,0,206,6,,4,2,7,4,2,7,4
,,,,,,,,,,,9,10,3,13,6,13,4,0,0,2,,,,,,,,,Block Group 3; Census Tract 127.08; Boulder County; Colorado,,,5,8,125,1,5,5,7,7,0,4,8,,,,,,,,,,,,5,6,111,3,0,5,5,14,3,7,10,,,,,,,,,,,1500000US080130127083,9,4,236,6,,14,6,4,11,2,8,4
,,,,,,,,,,,4,4,2,3,7,4,6,3,2,2,,,,,,,,,Block Group 4; Census Tract 127.08; Boulder County; Colorado,,,2,1,61,2,2,1,4,4,1,2,4,,,,,,,,,,,,4,2,86,4,3,8,4,3,1,10,2,,,,,,,,,,,1500000US080130127084,1,4,147,5,,10,3,5,4,4,6,4
,,,,,,,,,,,5,6,2,3,8,3,14,9,8,4,,,,,,,,,Block Group 5; Census Tract 127.08; Boulder County; Colorado,,,1,7,103,5,2,8,3,6,6,9,4,,,,,,,,,,,,3,5,121,8,7,1,1,6,3,1,13,,,,,,,,,,,1500000US080130127085,10,2,224,5,,7,15,2,2,2,7,11
,,,,,,,,,,,12,18,3,14,10,9,14,7,7,14,,,,,,,,,Block Group 1; Census Tract 127.09; Boulder County; Colorado,,,4,13,184,12,3,9,8,19,6,11,8,,,,,,,,,,,,12,9,236,11,8,15,3,15,3,16,14,,,,,,,,,,,1500000US080130127091,8,13,420,8,,19,12,10,19,10,9,5
,,,,,,,,,,,9,0,0,1,0,2,7,2,5,3,,,,,,,,,Block Group 1; Census Tract 127.10; Boulder County; Colorado,,,8,1,42,1,1,0,0,1,0,10,0,,,,,,,,,,,,4,5,52,0,0,1,0,3,2,1,5,,,,,,,,,,,1500000US080130127101,4,1,94,0,,8,1,1,3,1,0,3
,,,,,,,,,,,8,15,3,10,9,8,10,4,8,6,,,,,,,,,Block Group 2; Census Tract 127.10; Boulder County; Colorado,,,9,13,171,12,6,10,8,14,2,20,7,,,,,,,,,,,,12,7,189,11,12,6,5,6,7,11,21,,,,,,,,,,,1500000US080130127102,11,8,360,8,,10,11,2,13,2,10,5
,,,,,,,,,,,13,14,4,9,5,1,10,2,8,3,,,,,,,,,Block Group 3; Census Tract 127.10; Boulder County; Colorado,,,4,14,162,4,14,13,4,9,0,10,10,,,,,,,,,,,,8,7,164,4,11,5,9,10,6,7,12,,,,,,,,,,,1500000US080130127103,10,14,326,11,,6,12,7,9,7,11,9
,,,,,,,,,,,21,6,3,4,10,3,7,3,8,11,,,,,,,,,Block Group 1; Census Tract 128.01; Boulder County; Colorado,,,7,9,128,7,2,8,5,5,2,11,5,,,,,,,,,,,,7,11,147,5,3,8,6,7,5,8,7,,,,,,,,,,,1500000US080130128011,6,6,275,6,,4,14,7,11,3,8,6
,,,,,,,,,,,18,24,21,21,26,26,34,24,27,23,,,,,,,,,Block Group 2; Census Tract 128.01; Boulder County; Colorado,,,23,25,452,25,8,20,17,19,19,25,20,,,,,,,,,,,,18,23,452,37,17,21,11,24,10,32,17,,,,,,,,,,,1500000US080130128012,26,37,904,26,,10,31,21,25,20,27,26
,,,,,,,,,,,51,30,24,46,28,32,32,27,24,47,,,,,,,,,Block Group 3; Census Tract 128.01; Boulder County; Colorado,,,52,46,693,48,33,29,38,45,31,45,42,,,,,,,,,,,,23,47,800,30,22,54,36,37,36,39,43,,,,,,,,,,,1500000US080130128013,39,46,1493,46,,32,43,36,28,29,35,42
,,,,,,,,,,,10,3,8,8,9,9,13,4,6,8,,,,,,,,,Block Group 1; Census Tract 128.02; Boulder County; Colorado,,,5,13,178,4,5,10,6,7,3,10,7,,,,,,,,,,,,12,12,163,11,2,9,11,11,7,14,10,,,,,,,,,,,1500000US080130128021,13,10,341,5,,16,7,7,21,7,3,5
,,,,,,,,,,,21,20,10,17,15,22,33,18,24,17,,,,,,,,,Block Group 2; Census Tract 128.02; Boulder County; Colorado,,,15,15,388,14,17,25,21,27,13,20,17,,,,,,,,,,,,21,28,411,19,6,29,21,18,21,18,12,,,,,,,,,,,1500000US080130128022,25,33,799,24,,21,28,26,13,13,20,22
,,,,,,,,,,,3,7,0,4,4,5,0,2,5,3,,,,,,,,,Block Group 3; Census Tract 128.02; Boulder County; Colorado,,,2,0,54,5,2,3,2,0,3,4,2,,,,,,,,,,,,3,2,52,1,0,0,2,3,3,3,11,,,,,,,,,,,1500000US080130128023,7,1,106,3,,1,3,3,0,1,2,1
,,,,,,,,,,,18,16,7,14,17,15,13,13,26,14,,,,,,,,,Block Group 4; Census Tract 128.02; Boulder County; Colorado,,,12,11,295,14,14,16,10,17,8,21,16,,,,,,,,,,,,9,18,294,13,10,17,15,28,4,17,18,,,,,,,,,,,1500000US080130128024,15,11,589,18,,9,25,7,20,15,17,11
,,,,,,,,,,,6,12,4,8,7,8,10,7,11,11,,,,,,,,,Block Group 1; Census Tract 129.03; Boulder County; Colorado,,,7,5,132,7,1,5,4,13,11,8,6,,,,,,,,,,,,9,6,161,2,9,8,6,8,7,5,9,,,,,,,,,,,1500000US080130129031,11,8,293,2,,2,13,6,3,7,8,13
,,,,,,,,,,,16,7,1,3,10,7,10,1,10,5,,,,,,,,,Block Group 2; Census Tract 129.03; Boulder County; Colorado,,,8,3,109,7,7,0,5,4,8,8,11,,,,,,,,,,,,7,5,143,7,6,8,2,4,2,6,5,,,,,,,,,,,1500000US080130129032,4,7,252,6,,10,9,5,3,8,12,5
,,,,,,,,,,,17,5,6,20,12,21,11,11,5,7,,,,,,,,,Block Group 1; Census Tract 129.04; Boulder County; Colorado,,,10,10,218,12,8,15,19,18,14,7,5,,,,,,,,,,,,12,11,218,8,10,4,12,12,6,11,16,,,,,,,,,,,1500000US080130129041,15,7,436,5,,2,12,12,17,10,10,11
,,,,,,,,,,,12,9,7,9,7,7,12,8,8,11,,,,,,,,,Block Group 2; Census Tract 129.04; Boulder County; Colorado,,,12,12,158,3,5,13,9,5,7,11,2,,,,,,,,,,,,7,4,156,6,8,13,1,12,8,9,10,,,,,,,,,,,1500000US080130129042,5,6,314,8,,13,4,5,6,9,7,4
,,,,,,,,,,,10,14,11,11,6,6,18,0,11,7,,,,,,,,,Block Group 3; Census Tract 129.04; Boulder County; Colorado,,,17,8,185,8,3,10,5,2,7,9,16,,,,,,,,,,,,9,11,177,8,1,9,11,8,2,7,17,,,,,,,,,,,1500000US080130129043,9,8,362,14,,8,9,6,4,10,13,19
,,,,,,,,,,,3,1,1,3,5,4,8,0,11,7,,,,,,,,,Block Group 4; Census Tract 129.04; Boulder County; Colorado,,,7,5,86,0,1,7,5,0,9,6,3,,,,,,,,,,,,2,7,94,3,2,14,1,5,3,2,7,,,,,,,,,,,1500000US080130129044,5,7,180,4,,6,9,7,5,3,0,2
,,,,,,,,,,,13,14,3,9,12,13,11,8,13,15,,,,,,,,,Block Group 1; Census Tract 129.05; Boulder County; Colorado,,,13,12,201,8,7,7,15,15,14,9,11,,,,,,,,,,,,4,8,230,12,8,8,8,12,9,11,12,,,,,,,,,,,1500000US080130129051,6,18,431,13,,15,17,10,12,8,10,8
,,,,,,,,,,,5,3,6,7,2,0,5,1,4,5,,,,,,,,,Block Group 2; Census Tract 129.05; Boulder County; Colorado,,,4,5,81,6,1,2,2,1,5,4,4,,,,,,,,,,,,0,6,92,4,2,7,5,4,6,7,4,,,,,,,,,,,1500000US080130129052,7,0,173,1,,0,7,6,9,8,11,7
,,,,,,,,,,,18,9,12,17,7,7,15,6,15,17,,,,,,,,,Block Group 1; Census Tract 129.07; Boulder County; Colorado,,,18,9,234,15,11,11,16,12,4,16,9,,,,,,,,,,,,11,13,281,14,10,17,26,12,14,8,18,,,,,,,,,,,1500000US080130129071,13,18,515,6,,10,24,13,16,10,8,10
,,,,,,,,,,,7,2,3,8,7,14,13,13,9,11,,,,,,,,,Block Group 2; Census Tract 129.07; Boulder County; Colorado,,,7,8,141,8,1,7,9,11,7,11,16,,,,,,,,,,,,2,7,202,8,4,11,11,10,11,18,3,,,,,,,,,,,1500000US080130129072,6,6,343,9,,12,5,14,8,5,13,8
,,,,,,,,,,,14,22,7,12,10,8,28,3,17,13,,,,,,,,,Block Group 1; Census Tract 130.03; Boulder County; Colorado,,,12,19,244,18,10,13,9,15,3,17,8,,,,,,,,,,,,18,8,243,16,6,16,1,8,12,18,13,,,,,,,,,,,1500000US080130130031,16,14,487,14,,13,15,4,16,2,12,7
,,,,,,,,,,,2,4,1,4,4,0,2,0,5,6,,,,,,,,,Block Group 2; Census Tract 130.03; Boulder County; Colorado,,,3,5,45,2,1,2,3,0,4,3,5,,,,,,,,,,,,1,0,64,4,1,6,5,1,1,5,7,,,,,,,,,,,1500000US080130130032,1,1,109,4,,6,3,1,2,0,1,3
,,,,,,,,,,,10,9,0,4,2,1,3,2,6,10,,,,,,,,,Block Group 3; Census Tract 130.03; Boulder County; Colorado,,,1,8,82,3,5,3,1,8,4,8,7,,,,,,,,,,,,10,4,95,3,2,2,2,4,0,2,8,,,,,,,,,,,1500000US080130130033,5,5,177,7,,9,3,2,11,2,1,0
,,,,,,,,,,,9,7,11,9,18,14,18,10,12,11,,,,,,,,,Block Group 4; Census Tract 130.03; Boulder County; Colorado,,,13,11,240,18,11,15,15,15,12,14,19,,,,,,,,,,,,9,16,255,8,8,11,17,16,14,19,6,,,,,,,,,,,1500000US080130130034,9,12,495,14,,9,15,4,14,5,19,8
,,,,,,,,,,,24,8,16,23,10,13,11,11,19,15,,,,,,,,,Block Group 5; Census Tract 130.03; Boulder County; Colorado,,,19,19,303,15,4,23,24,11,10,9,18,,,,,,,,,,,,10,11,317,26,3,26,17,13,14,16,11,,,,,,,,,,,1500000US080130130035,20,29,620,8,,14,25,9,18,13,20,15
,,,,,,,,,,,8,2,3,8,8,10,8,2,10,5,,,,,,,,,Block Group 1; Census Tract 130.04; Boulder County; Colorado,,,5,17,158,12,4,10,3,12,10,6,5,,,,,,,,,,,,4,15,178,9,9,13,8,11,7,11,8,,,,,,,,,,,1500000US080130130041,9,5,336,9,,10,15,11,7,5,12,10
,,,,,,,,,,,24,29,5,14,21,6,34,9,11,17,,,,,,,,,Block Group 2; Census Tract 130.04; Boulder County; Colorado,,,14,21,343,16,14,26,16,25,4,21,11,,,,,,,,,,,,24,9,336,19,11,17,9,26,13,12,19,,,,,,,,,,,1500000US080130130042,19,27,679,21,,23,19,8,18,9,16,22
,,,,,,,,,,,5,8,7,5,22,8,7,12,12,3,,,,,,,,,Block Group 1; Census Tract 130.05; Boulder County; Colorado,,,8,7,180,14,4,14,6,10,6,15,8,,,,,,,,,,,,6,12,192,11,12,10,4,13,6,10,21,,,,,,,,,,,1500000US080130130051,11,17,372,9,,6,10,10,12,1,7,3
,,,,,,,,,,,18,12,3,19,17,14,17,8,16,5,,,,,,,,,Block Group 2; Census Tract 130.05; Boulder County; Colorado,,,11,13,253,17,9,20,12,25,5,12,15,,,,,,,,,,,,11,11,269,19,10,15,10,21,1,12,9,,,,,,,,,,,1500000US080130130052,11,25,522,13,,10,12,10,13,12,15,14
,,,,,,,,,,,15,16,2,9,10,9,16,9,12,10,,,,,,,,,Block Group 1; Census Tract 130.06; Boulder County; Colorado,,,6,7,198,7,5,7,11,10,3,16,9,,,,,,,,,,,,15,10,199,15,6,13,3,17,1,14,14,,,,,,,,,,,1500000US080130130061,10,9,397,16,,8,11,4,15,8,13,6
,,,,,,,,,,,8,8,3,11,11,10,12,5,10,8,,,,,,,,,Block Group 2; Census Tract 130.06; Boulder County; Colorado,,,20,9,182,21,1,12,5,9,11,12,6,,,,,,,,,,,,5,13,184,12,8,5,4,11,9,9,5,,,,,,,,,,,1500000US080130130062,8,12,366,12,,6,10,4,5,3,18,15
,,,,,,,,,,,8,20,8,27,28,17,26,11,21,28,,,,,,,,,Block Group 3; Census Tract 130.06; Boulder County; Colorado,,,22,14,335,15,10,13,20,25,10,16,16,,,,,,,,,,,,5,19,310,19,8,10,11,23,16,16,19,,,,,,,,,,,1500000US080130130063,15,12,645,27,,9,16,9,26,6,18,6
,,,,,,,,,,,14,5,7,14,8,18,13,19,10,14,,,,,,,,,Block Group 1; Census Tract 132.01; Boulder County; Colorado,,,12,9,257,7,6,21,15,12,11,26,14,,,,,,,,,,,,15,20,282,12,10,18,9,28,10,17,11,,,,,,,,,,,1500000US080130132011,17,19,539,5,,19,18,8,14,13,9,12
,,,,,,,,,,,7,5,0,1,2,0,5,2,7,4,,,,,,,,,Block Group 1; Census Tract 132.02; Boulder County; Colorado,,,2,2,69,1,0,8,2,4,1,5,4,,,,,,,,,,,,5,0,69,3,7,0,4,10,1,0,6,,,,,,,,,,,1500000US080130132021,11,0,138,2,,6,7,1,4,3,4,2
,,,,,,,,,,,3,2,0,2,1,2,2,1,2,1,,,,,,,,,Block Group 2; Census Tract 132.02; Boulder County; Colorado,,,6,8,56,6,1,4,7,3,1,5,3,,,,,,,,,,,,0,5,60,2,1,4,0,1,3,5,0,,,,,,,,,,,1500000US080130132022,4,3,116,1,,9,10,0,5,0,1,2
,,,,,,,,,,,4,6,2,4,12,7,4,1,11,14,,,,,,,,,Block Group 1; Census Tract 132.05; Boulder County; Colorado,,,9,8,133,7,7,9,5,1,2,7,12,,,,,,,,,,,,1,6,148,2,6,11,3,9,8,10,11,,,,,,,,,,,1500000US080130132051,13,1,281,5,,11,6,19,4,5,14,4
,,,,,,,,,,,10,9,0,7,4,5,5,9,8,5,,,,,,,,,Block Group 2; Census Tract 132.05; Boulder County; Colorado,,,3,7,95,0,4,5,3,4,4,5,1,,,,,,,,,,,,8,5,91,4,4,5,5,8,5,1,5,,,,,,,,,,,1500000US080130132052,10,0,186,3,,5,9,0,2,0,7,2
,,,,,,,,,,,11,5,6,8,0,0,3,0,2,4,,,,,,,,,Block Group 3; Census Tract 132.05; Boulder County; Colorado,,,4,2,74,10,1,4,6,0,6,8,1,,,,,,,,,,,,9,0,77,6,1,1,0,3,0,3,3,,,,,,,,,,,1500000US080130132053,5,6,151,8,,2,3,4,5,4,3,4
,,,,,,,,,,,17,14,7,9,12,3,16,1,13,4,,,,,,,,,Block Group 4; Census Tract 132.05; Boulder County; Colorado,,,9,4,196,4,10,18,3,18,6,16,10,,,,,,,,,,,,20,7,214,5,4,10,6,13,2,21,8,,,,,,,,,,,1500000US080130132054,14,14,410,9,,24,17,6,19,5,3,9
,,,,,,,,,,,8,13,7,10,4,6,11,10,11,7,,,,,,,,,Block Group 1; Census Tract 132.07; Boulder County; Colorado,,,7,7,201,10,16,13,13,12,4,20,13,,,,,,,,,,,,12,5,237,10,11,10,11,17,6,15,19,,,,,,,,,,,1500000US080130132071,13,10,438,4,,12,12,19,12,6,13,19
,,,,,,,,,,,4,5,2,8,1,7,10,8,4,4,,,,,,,,,Block Group 2; Census Tract 132.07; Boulder County; Colorado,,,2,8,81,4,5,2,3,4,5,1,9,,,,,,,,,,,,9,4,82,0,3,6,1,2,8,4,4,,,,,,,,,,,1500000US080130132072,7,1,163,4,,3,1,2,1,5,0,2
,,,,,,,,,,,14,7,9,6,10,11,8,4,5,9,,,,,,,,,Block Group 3; Census Tract 132.07; Boulder County; Colorado,,,10,10,140,5,3,11,0,6,6,7,10,,,,,,,,,,,,7,5,157,3,12,6,4,11,5,7,7,,,,,,,,,,,1500000US080130132073,9,12,297,5,,16,8,6,6,8,4,5
,,,,,,,,,,,9,10,1,7,9,5,9,2,4,11,,,,,,,,,Block Group 1; Census Tract 132.08; Boulder County; Colorado,,,4,6,142,2,10,3,8,4,5,8,7,,,,,,,,,,,,10,9,131,9,2,6,10,10,9,10,5,,,,,,,,,,,1500000US080130132081,9,12,273,8,,10,6,1,7,8,5,3
,,,,,,,,,,,2,9,4,10,7,6,4,4,7,5,,,,,,,,,Block Group 2; Census Tract 132.08; Boulder County; Colorado,,,11,3,100,4,3,3,3,10,3,8,3,,,,,,,,,,,,9,1,106,6,5,5,7,6,0,7,15,,,,,,,,,,,1500000US080130132082,5,6,206,6,,5,0,1,6,3,2,2
,,,,,,,,,,,13,16,4,12,8,5,16,5,8,4,,,,,,,,,Block Group 3; Census Tract 132.08; Boulder County; Colorado,,,9,14,195,8,4,8,10,16,7,20,7,,,,,,,,,,,,10,4,229,5,13,9,9,16,10,13,14,,,,,,,,,,,1500000US080130132083,19,9,424,14,,17,14,17,11,6,6,14
,,,,,,,,,,,2,2,2,9,7,3,10,1,0,1,,,,,,,,,Block Group 4; Census Tract 132.08; Boulder County; Colorado,,,2,7,97,8,4,9,6,6,0,10,12,,,,,,,,,,,,1,4,107,7,11,8,0,1,2,1,7,,,,,,,,,,,1500000US080130132084,14,4,204,3,,6,2,1,13,1,8,9
,,,,,,,,,,,13,18,10,14,18,18,6,3,12,12,,,,,,,,,Block Group 1; Census Tract 132.10; Boulder County; Colorado,,,15,8,246,13,16,20,6,18,8,16,12,,,,,,,,,,,,13,9,244,15,9,11,14,13,12,17,13,,,,,,,,,,,1500000US080130132101,8,12,490,8,,23,9,7,8,11,14,8
,,,,,,,,,,,11,21,9,12,13,11,13,16,18,14,,,,,,,,,Block Group 2; Census Tract 132.10; Boulder County; Colorado,,,8,22,266,10,15,14,12,22,18,29,10,,,,,,,,,,,,9,13,313,11,18,15,9,8,17,15,21,,,,,,,,,,,1500000US080130132102,14,19,579,13,,11,21,22,17,11,7,10
,,,,,,,,,,,6,7,9,10,17,13,12,5,12,14,,,,,,,,,Block Group 3; Census Tract 132.10; Boulder County; Colorado,,,9,7,172,4,8,12,5,14,7,10,18,,,,,,,,,,,,8,6,217,11,13,16,6,7,8,14,4,,,,,,,,,,,1500000US080130132103,2,13,389,12,,14,12,15,5,3,10,11
,,,,,,,,,,,24,14,5,19,13,7,17,4,21,11,,,,,,,,,Block Group 1; Census Tract 132.11; Boulder County; Colorado,,,5,19,254,6,12,29,7,16,12,26,10,,,,,,,,,,,,39,3,289,10,12,12,9,16,3,17,18,,,,,,,,,,,1500000US080130132111,17,11,543,11,,15,26,9,14,5,15,4
,,,,,,,,,,,3,10,4,5,5,2,10,0,4,4,,,,,,,,,Block Group 2; Census Tract 132.11; Boulder County; Colorado,,,3,0,49,3,1,0,0,0,1,6,5,,,,,,,,,,,,1,3,61,5,4,2,4,3,2,3,5,,,,,,,,,,,1500000US080130132112,3,2,110,0,,1,0,3,2,0,0,1
,,,,,,,,,,,19,14,4,10,3,2,19,15,17,10,,,,,,,,,Block Group 3; Census Tract 132.11; Boulder County; Colorado,,,4,23,220,12,9,15,9,12,9,26,7,,,,,,,,,,,,8,14,259,8,5,12,4,12,7,13,22,,,,,,,,,,,1500000US080130132113,25,15,479,6,,22,19,4,24,6,4,10
,,,,,,,,,,,6,12,9,11,14,15,6,10,9,12,,,,,,,,,Block Group 4; Census Tract 132.11; Boulder County; Colorado,,,18,8,243,8,14,4,9,6,15,12,8,,,,,,,,,,,,16,13,184,13,1,8,9,13,22,10,9,,,,,,,,,,,1500000US080130132114,13,9,427,12,,5,15,21,6,13,3,10
,,,,,,,,,,,11,9,3,6,3,1,13,3,3,4,,,,,,,,,Block Group 5; Census Tract 132.11; Boulder County; Colorado,,,7,10,90,6,3,12,4,4,0,6,1,,,,,,,,,,,,6,3,100,5,6,2,5,2,2,5,6,,,,,,,,,,,1500000US080130132115,2,3,190,0,,7,6,2,10,0,4,5
,,,,,,,,,,,4,1,3,6,2,5,1,3,1,4,,,,,,,,,Block Group 6; Census Tract 132.11; Boulder County; Colorado,,,4,1,45,7,1,4,4,8,0,6,1,,,,,,,,,,,,2,0,63,2,2,4,0,3,2,4,1,,,,,,,,,,,1500000US080130132116,0,1,108,1,,3,5,2,2,1,1,6
,,,,,,,,,,,7,5,5,6,3,3,5,0,5,8,,,,,,,,,Block Group 1; Census Tract 132.12; Boulder County; Colorado,,,1,6,92,5,5,2,5,8,1,7,3,,,,,,,,,,,,5,12,99,4,5,7,2,4,4,8,7,,,,,,,,,,,1500000US080130132121,5,8,191,3,,2,3,5,7,4,2,4
,,,,,,,,,,,12,12,8,11,12,5,8,7,8,7,,,,,,,,,Block Group 2; Census Tract 132.12; Boulder County; Colorado,,,14,12,198,16,13,18,3,14,5,16,12,,,,,,,,,,,,17,11,247,7,5,21,15,13,3,19,9,,,,,,,,,,,1500000US080130132122,10,22,445,11,,15,22,4,6,2,7,13
,,,,,,,,,,,9,9,3,13,3,16,10,8,10,8,,,,,,,,,Block Group 3; Census Tract 132.12; Boulder County; Colorado,,,9,9,166,6,10,14,4,5,9,10,4,,,,,,,,,,,,3,6,142,11,1,7,2,14,7,6,17,,,,,,,,,,,1500000US080130132123,10,6,308,6,,2,4,0,15,3,15,4
,,,,,,,,,,,0,0,1,1,1,1,0,2,1,1,,,,,,,,,Block Group 4; Census Tract 132.12; Boulder County; Colorado,,,0,2,37,4,1,0,5,0,2,0,2,,,,,,,,,,,,1,6,26,2,0,4,3,0,9,0,3,,,,,,,,,,,1500000US080130132124,1,0,63,2,,1,2,0,0,2,1,2
,,,,,,,,,,,24,23,10,21,24,21,21,6,25,23,,,,,,,,,Block Group 1; Census Tract 132.14; Boulder County; Colorado,,,10,18,383,16,12,25,15,11,19,21,7,,,,,,,,,,,,12,23,360,38,12,21,22,21,16,32,15,,,,,,,,,,,1500000US080130132141,21,24,743,23,,8,24,20,21,10,13,15
,,,,,,,,,,,29,21,8,25,11,10,25,16,27,25,,,,,,,,,Block Group 2; Census Tract 132.14; Boulder County; Colorado,,,16,22,354,28,14,28,10,27,8,28,19,,,,,,,,,,,,19,15,424,16,18,12,16,19,12,25,28,,,,,,,,,,,1500000US080130132142,22,21,778,31,,26,22,9,30,10,17,13
,,,,,,,,,,,12,7,4,7,6,1,7,1,3,2,,,,,,,,,Block Group 1; Census Tract 132.15; Boulder County; Colorado,,,7,1,119,5,1,16,4,13,1,13,3,,,,,,,,,,,,11,8,132,7,6,2,7,10,6,5,13,,,,,,,,,,,1500000US080130132151,9,6,251,4,,10,8,4,2,6,7,6
,,,,,,,,,,,16,23,24,18,24,19,41,13,24,26,,,,,,,,,Block Group 2; Census Tract 132.15; Boulder County; Colorado,,,25,22,424,30,20,15,23,33,13,21,28,,,,,,,,,,,,14,29,491,29,24,26,17,27,12,34,40,,,,,,,,,,,1500000US080130132152,25,36,915,22,,11,30,19,15,12,15,20
,,,,,,,,,,,21,23,6,18,23,7,20,7,25,8,,,,,,,,,Block Group 3; Census Tract 132.15; Boulder County; Colorado,,,14,16,296,16,9,26,9,27,13,20,15,,,,,,,,,,,,9,11,332,14,14,24,13,23,11,24,16,,,,,,,,,,,1500000US080130132153,9,15,628,16,,11,25,12,21,13,13,11
,,,,,,,,,,,1,4,1,0,3,3,8,2,12,2,,,,,,,,,Block Group 1; Census Tract 133.02; Boulder County; Colorado,,,2,6,74,2,6,5,4,5,2,1,2,,,,,,,,,,,,2,1,65,8,1,3,4,2,1,6,2,,,,,,,,,,,1500000US080130133021,0,8,139,2,,6,4,5,7,1,1,4
,,,,,,,,,,,2,8,6,0,2,5,5,12,3,4,,,,,,,,,Block Group 2; Census Tract 133.02; Boulder County; Colorado,,,6,4,85,3,3,13,7,1,9,11,3,,,,,,,,,,,,2,3,99,3,1,8,2,3,1,7,6,,,,,,,,,,,1500000US080130133022,4,5,184,4,,0,9,4,2,3,7,3
,,,,,,,,,,,6,8,0,3,1,3,7,0,1,0,,,,,,,,,Block Group 3; Census Tract 133.02; Boulder County; Colorado,,,8,5,76,1,2,0,4,4,1,3,4,,,,,,,,,,,,4,2,76,5,8,2,3,6,5,4,12,,,,,,,,,,,1500000US080130133023,7,3,152,1,,2,3,1,1,5,9,8
,,,,,,,,,,,5,4,0,6,3,8,7,6,3,5,,,,,,,,,Block Group 4; Census Tract 133.02; Boulder County; Colorado,,,0,10,96,8,2,2,1,0,7,2,4,,,,,,,,,,,,10,2,84,1,1,1,1,18,3,1,5,,,,,,,,,,,1500000US080130133024,8,10,180,7,,4,2,0,9,5,9,0
,,,,,,,,,,,8,10,12,5,14,10,4,9,13,9,,,,,,,,,Block Group 5; Census Tract 133.02; Boulder County; Colorado,,,9,2,168,10,4,8,9,17,2,13,7,,,,,,,,,,,,8,8,149,6,6,4,8,5,6,5,2,,,,,,,,,,,1500000US080130133025,13,5,317,9,,11,3,4,8,8,17,6
,,,,,,,,,,,8,14,0,9,8,3,5,7,10,11,,,,,,,,,Block Group 1; Census Tract 133.05; Boulder County; Colorado,,,4,5,177,8,11,7,11,13,8,24,8,,,,,,,,,,,,6,17,197,15,7,8,11,12,6,6,13,,,,,,,,,,,1500000US080130133051,7,9,374,14,,15,12,8,7,9,7,11
,,,,,,,,,,,10,0,19,10,8,16,13,6,5,2,,,,,,,,,Block Group 2; Census Tract 133.05; Boulder County; Colorado,,,10,10,176,6,9,8,8,11,9,4,12,,,,,,,,,,,,16,3,196,9,12,8,11,10,17,10,7,,,,,,,,,,,1500000US080130133052,8,12,372,4,,11,12,14,1,10,16,5
,,,,,,,,,,,10,6,8,4,8,15,13,14,7,9,,,,,,,,,Block Group 3; Census Tract 133.05; Boulder County; Colorado,,,13,11,182,9,15,8,9,9,14,6,11,,,,,,,,,,,,7,9,206,5,12,15,13,7,11,5,10,,,,,,,,,,,1500000US080130133053,3,4,388,8,,4,11,12,16,10,21,6
,,,,,,,,,,,9,8,6,10,14,16,8,9,18,12,,,,,,,,,Block Group 1; Census Tract 133.06; Boulder County; Colorado,,,12,14,230,9,7,11,9,9,10,11,14,,,,,,,,,,,,7,15,238,14,16,13,14,9,14,17,9,,,,,,,,,,,1500000US080130133061,15,20,468,6,,13,13,9,15,9,13,11
,,,,,,,,,,,25,9,20,18,15,21,20,12,19,19,,,,,,,,,Block Group 2; Census Tract 133.06; Boulder County; Colorado,,,17,20,344,11,20,17,8,15,16,20,4,,,,,,,,,,,,16,16,307,12,17,15,11,19,13,13,17,,,,,,,,,,,1500000US080130133062,15,17,651,21,,17,17,13,29,13,10,24
,,,,,,,,,,,14,15,15,15,8,15,13,8,17,11,,,,,,,,,Block Group 1; Census Tract 133.07; Boulder County; Colorado,,,19,7,221,14,9,14,15,14,15,7,8,,,,,,,,,,,,9,6,242,10,13,4,5,20,14,17,15,,,,,,,,,,,1500000US080130133071,5,15,463,6,,22,10,11,5,5,11,7
,,,,,,,,,,,12,14,8,13,5,11,10,9,15,9,,,,,,,,,Block Group 2; Census Tract 133.07; Boulder County; Colorado,,,7,9,219,14,10,12,2,7,12,5,7,,,,,,,,,,,,9,16,208,11,3,7,19,4,14,13,11,,,,,,,,,,,1500000US080130133072,13,14,427,17,,7,12,14,14,14,10,14
,,,,,,,,,,,3,1,7,2,3,6,5,9,4,5,,,,,,,,,Block Group 1; Census Tract 133.08; Boulder County; Colorado,,,9,6,79,5,6,1,4,3,4,5,7,,,,,,,,,,,,3,5,92,11,0,4,7,1,4,4,8,,,,,,,,,,,1500000US080130133081,1,1,171,1,,9,6,5,1,4,0,1
,,,,,,,,,,,9,7,9,1,11,9,9,9,3,9,,,,,,,,,Block Group 2; Census Tract 133.08; Boulder County; Colorado,,,8,6,134,10,5,3,6,18,6,10,7,,,,,,,,,,,,13,2,156,2,16,5,7,4,14,8,5,,,,,,,,,,,1500000US080130133082,6,6,290,3,,9,4,2,10,12,6,1
,,,,,,,,,,,5,3,1,3,2,3,2,2,3,1,,,,,,,,,Block Group 3; Census Tract 133.08; Boulder County; Colorado,,,4,3,58,1,6,2,0,1,2,3,3,,,,,,,,,,,,6,3,52,1,1,0,3,2,0,4,3,,,,,,,,,,,1500000US080130133083,7,3,110,3,,1,5,5,2,5,4,2
,,,,,,,,,,,15,10,18,16,14,8,9,8,15,2,,,,,,,,,Block Group 1; Census Tract 134.01; Boulder County; Colorado,,,8,12,218,6,11,4,10,16,6,5,17,,,,,,,,,,,,8,14,235,14,13,9,10,9,8,21,11,,,,,,,,,,,1500000US080130134011,9,10,453,20,,11,18,20,8,3,12,15
,,,,,,,,,,,2,0,3,2,4,0,4,0,6,3,,,,,,,,,Block Group 2; Census Tract 134.01; Boulder County; Colorado,,,3,3,62,5,0,3,6,2,0,10,7,,,,,,,,,,,,2,6,63,0,3,1,3,2,3,3,7,,,,,,,,,,,1500000US080130134012,3,0,125,1,,5,2,1,10,3,3,4
,,,,,,,,,,,7,5,4,7,5,5,0,5,9,8,,,,,,,,,Block Group 3; Census Tract 134.01; Boulder County; Colorado,,,9,4,111,9,10,2,5,6,1,1,3,,,,,,,,,,,,9,0,92,7,3,3,8,5,10,2,1,,,,,,,,,,,1500000US080130134013,4,8,203,2,,6,5,8,3,7,1,6
,,,,,,,,,,,9,15,10,12,11,10,9,7,13,4,,,,,,,,,Block Group 1; Census Tract 134.02; Boulder County; Colorado,,,6,12,180,10,12,7,4,9,7,11,10,,,,,,,,,,,,3,13,183,8,16,10,7,10,8,10,11,,,,,,,,,,,1500000US080130134021,5,11,363,5,,14,6,4,14,7,6,7
,,,,,,,,,,,6,7,8,7,7,8,4,10,7,1,,,,,,,,,Block Group 2; Census Tract 134.02; Boulder County; Colorado,,,6,6,129,7,3,12,6,7,0,8,5,,,,,,,,,,,,6,5,112,5,5,4,2,15,3,5,9,,,,,,,,,,,1500000US080130134022,6,7,241,1,,5,8,9,4,8,3,6
,,,,,,,,,,,15,16,12,11,8,7,19,8,3,9,,,,,,,,,Block Group 3; Census Tract 134.02; Boulder County; Colorado,,,11,20,230,5,10,21,15,19,16,7,11,,,,,,,,,,,,9,15,255,10,15,7,11,9,6,16,15,,,,,,,,,,,1500000US080130134023,16,10,485,5,,17,15,12,20,9,17,8
,,,,,,,,,,,1,0,4,5,2,1,4,1,11,5,,,,,,,,,Block Group 4; Census Tract 134.02; Boulder County; Colorado,,,3,3,59,0,8,4,0,2,0,6,7,,,,,,,,,,,,4,2,75,0,5,6,2,1,1,2,7,,,,,,,,,,,1500000US080130134024,3,3,134,3,,3,4,1,5,3,11,1
,,,,,,,,,,,28,13,10,20,14,21,19,20,11,28,,,,,,,,,Block Group 5; Census Tract 134.02; Boulder County; Colorado,,,24,13,300,34,16,17,13,14,14,20,15,,,,,,,,,,,,16,7,366,18,12,18,11,19,14,15,11,,,,,,,,,,,1500000US080130134025,20,17,666,21,,9,21,20,11,6,20,16
,,,,,,,,,,,1,3,7,0,7,3,7,3,11,4,,,,,,,,,Block Group 1; Census Tract 135.03; Boulder County; Colorado,,,6,0,72,3,4,3,0,6,1,6,3,,,,,,,,,,,,3,4,89,2,1,9,6,0,0,13,8,,,,,,,,,,,1500000US080130135031,8,8,161,2,,5,4,0,2,5,1,2
,,,,,,,,,,,9,14,6,9,13,9,12,15,10,16,,,,,,,,,Block Group 2; Census Tract 135.03; Boulder County; Colorado,,,8,8,211,8,17,10,5,15,7,17,11,,,,,,,,,,,,8,14,247,15,14,11,9,10,7,13,16,,,,,,,,,,,1500000US080130135032,19,22,458,5,,11,15,3,6,16,14,11
,,,,,,,,,,,18,8,14,20,10,8,19,11,15,16,,,,,,,,,Block Group 3; Census Tract 135.03; Boulder County; Colorado,,,11,23,292,9,16,19,22,20,5,20,19,,,,,,,,,,,,3,11,321,13,15,8,13,13,13,19,13,,,,,,,,,,,1500000US080130135033,19,17,613,19,,25,11,17,23,12,26,20
,,,,,,,,,,,4,2,7,5,13,6,6,7,10,6,,,,,,,,,Block Group 4; Census Tract 135.03; Boulder County; Colorado,,,7,6,143,10,3,9,1,4,8,7,3,,,,,,,,,,,,3,8,129,7,12,4,4,11,9,7,4,,,,,,,,,,,1500000US080130135034,11,9,272,5,,3,9,10,8,6,7,11
,,,,,,,,,,,7,6,5,6,5,4,5,2,14,6,,,,,,,,,Block Group 1; Census Tract 135.05; Boulder County; Colorado,,,3,5,93,0,0,5,2,2,3,10,7,,,,,,,,,,,,0,6,107,2,7,7,1,4,4,7,5,,,,,,,,,,,1500000US080130135051,3,6,200,10,,6,6,12,5,7,2,3
,,,,,,,,,,,7,8,12,13,13,9,8,6,4,7,,,,,,,,,Block Group 2; Census Tract 135.05; Boulder County; Colorado,,,12,8,179,5,6,12,10,8,3,10,8,,,,,,,,,,,,10,6,168,10,7,5,6,15,5,9,9,,,,,,,,,,,1500000US080130135052,5,17,347,13,,7,8,14,9,4,11,8
,,,,,,,,,,,10,18,12,13,11,20,10,11,12,14,,,,,,,,,Block Group 3; Census Tract 135.05; Boulder County; Colorado,,,14,11,204,17,3,6,7,18,22,8,11,,,,,,,,,,,,11,3,256,11,9,14,12,10,9,12,13,,,,,,,,,,,1500000US080130135053,9,8,460,14,,16,18,13,11,5,7,7
,,,,,,,,,,,15,18,18,13,17,16,18,3,8,12,,,,,,,,,Block Group 1; Census Tract 135.06; Boulder County; Colorado,,,10,15,266,18,17,19,6,20,13,25,7,,,,,,,,,,,,4,13,263,21,9,13,13,16,9,17,8,,,,,,,,,,,1500000US080130135061,19,21,529,18,,13,10,14,8,3,1,11
,,,,,,,,,,,20,25,7,11,14,10,14,15,26,19,,,,,,,,,Block Group 2; Census Tract 135.06; Boulder County; Colorado,,,21,10,348,19,16,12,14,15,6,19,22,,,,,,,,,,,,26,14,307,18,17,11,4,28,13,24,13,,,,,,,,,,,1500000US080130135062,17,9,655,15,,21,18,10,28,16,20,18
,,,,,,,,,,,9,9,5,7,7,0,4,11,12,14,,,,,,,,,Block Group 1; Census Tract 135.07; Boulder County; Colorado,,,7,13,139,8,6,11,5,4,3,16,7,,,,,,,,,,,,4,7,174,8,5,7,10,13,5,6,5,,,,,,,,,,,1500000US080130135071,8,15,313,4,,11,16,9,4,3,7,8
,,,,,,,,,,,28,30,4,26,19,11,23,16,22,13,,,,,,,,,Block Group 2; Census Tract 135.07; Boulder County; Colorado,,,9,17,312,18,15,17,15,16,9,10,20,,,,,,,,,,,,10,12,340,9,13,19,19,14,16,15,18,,,,,,,,,,,1500000US080130135072,19,12,652,19,,9,31,10,13,21,15,20
,,,,,,,,,,,36,30,15,14,11,20,32,19,20,22,,,,,,,,,Block Group 1; Census Tract 135.08; Boulder County; Colorado,,,18,20,415,10,7,26,22,30,10,27,21,,,,,,,,,,,,28,24,427,25,15,22,16,24,13,17,29,,,,,,,,,,,1500000US080130135081,30,23,842,26,,21,31,11,28,7,21,21
,,,,,,,,,,,19,19,12,18,13,13,11,10,14,8,,,,,,,,,Block Group 2; Census Tract 135.08; Boulder County; Colorado,,,11,11,264,22,10,21,14,7,3,27,15,,,,,,,,,,,,13,7,294,16,16,13,15,9,12,10,20,,,,,,,,,,,1500000US080130135082,17,21,558,16,,24,21,6,13,12,8,11
,,,,,,,,,,,15,2,3,3,4,7,0,8,9,11,,,,,,,,,Block Group 3; Census Tract 135.08; Boulder County; Colorado,,,5,10,100,4,8,5,5,8,8,9,3,,,,,,,,,,,,2,6,105,9,8,0,7,4,4,4,5,,,,,,,,,,,1500000US080130135083,6,1,205,1,,2,4,5,4,3,0,3
,,,,,,,,,,,9,7,2,7,7,5,8,7,6,13,,,,,,,,,Block Group 4; Census Tract 135.08; Boulder County; Colorado,,,7,12,133,11,1,15,10,13,14,8,11,,,,,,,,,,,,10,5,183,4,11,4,13,11,4,10,9,,,,,,,,,,,1500000US080130135084,8,13,316,7,,9,8,1,5,5,4,2
,,,,,,,,,,,8,6,2,8,9,12,11,4,17,6,,,,,,,,,Block Group 1; Census Tract 136.01; Boulder County; Colorado,,,11,8,189,9,3,8,6,14,1,5,9,,,,,,,,,,,,14,8,174,14,10,14,5,13,3,13,9,,,,,,,,,,,1500000US080130136011,16,13,363,14,,6,8,11,11,6,10,8
,,,,,,,,,,,9,7,6,10,9,11,13,2,5,5,,,,,,,,,Block Group 2; Census Tract 136.01; Boulder County; Colorado,,,11,13,188,15,4,19,8,7,5,9,5,,,,,,,,,,,,17,9,166,10,6,6,6,13,4,8,7,,,,,,,,,,,1500000US080130136012,5,10,354,6,,12,13,4,19,1,14,11
,,,,,,,,,,,2,5,6,8,0,1,0,2,3,6,,,,,,,,,Block Group 3; Census Tract 136.01; Boulder County; Colorado,,,6,7,62,0,1,0,0,1,0,0,10,,,,,,,,,,,,0,4,58,4,1,2,5,6,0,5,5,,,,,,,,,,,1500000US080130136013,0,8,120,5,,0,2,1,4,6,0,4
,,,,,,,,,,,3,3,1,2,2,0,8,3,5,3,,,,,,,,,Block Group 1; Census Tract 136.02; Boulder County; Colorado,,,0,0,23,1,0,3,0,0,0,2,1,,,,,,,,,,,,3,2,39,0,6,1,0,1,2,0,3,,,,,,,,,,,1500000US080130136021,0,3,62,0,,1,2,0,0,1,0,0
,,,,,,,,,,,1,2,3,2,1,0,1,2,3,0,,,,,,,,,Block Group 2; Census Tract 136.02; Boulder County; Colorado,,,0,2,28,3,0,4,1,0,0,2,1,,,,,,,,,,,,0,3,21,1,0,1,1,1,3,0,2,,,,,,,,,,,1500000US080130136022,1,1,49,0,,0,2,1,2,0,1,1
,,,,,,,,,,,2,2,7,4,4,2,7,1,2,4,,,,,,,,,Block Group 1; Census Tract 137.03; Boulder County; Colorado,,,5,4,57,0,2,1,2,3,0,7,0,,,,,,,,,,,,4,5,57,2,5,3,6,0,5,1,3,,,,,,,,,,,1500000US080130137031,1,3,114,1,,3,2,0,2,4,3,2
,,,,,,,,,,,2,2,1,1,0,4,3,0,1,2,,,,,,,,,Block Group 2; Census Tract 137.03; Boulder County; Colorado,,,2,1,25,1,0,4,1,3,2,2,1,,,,,,,,,,,,2,1,28,0,1,0,2,0,4,3,1,,,,,,,,,,,1500000US080130137032,0,3,53,0,,0,0,1,0,2,0,0
,,,,,,,,,,,3,3,4,1,2,3,6,3,6,8,,,,,,,,,Block Group 1; Census Tract 137.04; Boulder County; Colorado,,,0,10,96,5,4,5,3,6,9,3,11,,,,,,,,,,,,10,5,112,6,3,8,4,6,0,5,9,,,,,,,,,,,1500000US080130137041,9,7,208,3,,0,6,12,6,3,3,8
,,,,,,,,,,,7,6,2,1,1,5,9,3,5,0,,,,,,,,,Block Group 2; Census Tract 137.04; Boulder County; Colorado,,,6,1,75,5,3,4,0,3,9,5,6,,,,,,,,,,,,0,10,82,7,3,1,7,2,3,5,2,,,,,,,,,,,1500000US080130137042,6,4,157,1,,7,3,1,4,8,1,1
,,,,,,,,,,,7,10,2,0,8,1,3,2,8,4,,,,,,,,,Block Group 3; Census Tract 137.04; Boulder County; Colorado,,,6,3,70,0,1,7,1,1,1,5,4,,,,,,,,,,,,0,0,68,5,0,0,0,2,2,3,4,,,,,,,,,,,1500000US080130137043,2,6,138,2,,3,9,6,5,3,10,2
,,,,,,,,,,,18,12,2,10,6,14,11,9,15,12,,,,,,,,,Block Group 4; Census Tract 137.04; Boulder County; Colorado,,,10,7,236,12,7,16,8,18,2,9,16,,,,,,,,,,,,7,7,219,14,3,16,2,12,12,16,8,,,,,,,,,,,1500000US080130137044,22,13,455,22,,7,20,10,21,6,7,16
,,,,,,,,,,,1,0,3,5,1,4,2,5,4,3,,,,,,,,,Block Group 1; Census Tract 137.05; Boulder County; Colorado,,,4,5,57,6,1,5,6,2,2,7,3,,,,,,,,,,,,1,0,65,4,1,2,5,2,2,4,0,,,,,,,,,,,1500000US080130137051,3,4,122,6,,0,3,2,6,0,8,0
,,,,,,,,,,,2,3,1,3,5,2,1,3,4,6,,,,,,,,,Block Group 2; Census Tract 137.05; Boulder County; Colorado,,,3,2,59,6,2,5,5,1,1,2,10,,,,,,,,,,,,3,2,72,1,5,2,0,4,0,3,6,,,,,,,,,,,1500000US080130137052,4,10,131,3,,4,6,0,1,6,1,3
,,,,,,,,,,,2,0,1,2,2,4,0,0,1,0,,,,,,,,,Block Group 3; Census Tract 137.05; Boulder County; Colorado,,,3,1,26,5,0,1,1,1,0,0,1,,,,,,,,,,,,1,0,18,0,0,0,0,4,0,1,0,,,,,,,,,,,1500000US080130137053,2,3,44,2,,0,1,1,1,1,1,1
,,,,,,,,,,,2,3,3,3,4,0,3,0,1,1,,,,,,,,,Block Group 1; Census Tract 137.06; Boulder County; Colorado,,,5,1,65,1,1,8,4,1,1,10,4,,,,,,,,,,,,2,0,58,2,4,8,0,4,2,3,7,,,,,,,,,,,1500000US080130137061,7,1,123,7,,4,1,0,4,2,4,5
,,,,,,,,,,,6,6,5,5,9,9,6,5,5,8,,,,,,,,,Block Group 2; Census Tract 137.06; Boulder County; Colorado,,,7,4,117,5,3,6,0,14,11,4,4,,,,,,,,,,,,1,11,106,3,0,2,0,7,8,5,1,,,,,,,,,,,1500000US080130137062,7,12,223,11,,2,6,3,8,4,7,3
,,,,,,,,,,,6,1,3,4,4,2,6,1,2,1,,,,,,,,,Block Group 3; Census Tract 137.06; Boulder County; Colorado,,,0,9,52,6,2,4,3,0,1,0,1,,,,,,,,,,,,2,5,67,7,4,1,4,0,1,7,5,,,,,,,,,,,1500000US080130137063,0,4,119,0,,2,3,6,3,3,5,1
,,,,,,,,,,,1,4,5,8,2,2,7,2,1,1,,,,,,,,,Block Group 4; Census Tract 137.06; Boulder County; Colorado,,,1,7,42,4,2,0,4,1,4,4,3,,,,,,,,,,,,1,2,53,0,0,4,0,0,5,1,5,,,,,,,,,,,1500000US080130137064,0,0,95,2,,3,4,1,3,0,0,1
,,,,,,,,,,,6,0,9,6,11,7,0,7,4,3,,,,,,,,,Block Group 1; Census Tract 606.01; Boulder County; Colorado,,,4,7,96,2,2,7,2,5,8,3,1,,,,,,,,,,,,5,1,86,10,6,2,8,9,0,10,5,,,,,,,,,,,1500000US080130606011,1,3,182,2,,4,2,5,8,6,0,1
,,,,,,,,,,,24,7,8,11,7,8,13,7,21,9,,,,,,,,,Block Group 2; Census Tract 606.01; Boulder County; Colorado,,,14,12,289,18,15,16,16,19,14,20,12,,,,,,,,,,,,14,15,284,13,11,9,6,23,15,18,17,,,,,,,,,,,1500000US080130606012,15,19,573,21,,15,19,11,15,16,12,18
,,,,,,,,,,,3,14,0,4,2,6,6,9,6,9,,,,,,,,,Block Group 3; Census Tract 606.01; Boulder County; Colorado,,,9,5,102,13,3,3,1,4,6,6,9,,,,,,,,,,,,1,9,119,3,7,9,5,5,8,2,2,,,,,,,,,,,1500000US080130606013,3,9,221,3,,3,5,2,4,9,6,8
,,,,,,,,,,,11,8,11,9,3,5,5,4,10,4,,,,,,,,,Block Group 1; Census Tract 606.02; Boulder County; Colorado,,,11,8,152,4,3,4,4,13,8,10,5,,,,,,,,,,,,12,10,138,9,5,8,8,10,7,2,12,,,,,,,,,,,1500000US080130606021,10,3,290,6,,7,7,8,7,7,5,7
,,,,,,,,,,,2,6,4,0,1,0,2,3,0,3,,,,,,,,,Block Group 1; Census Tract 607; Boulder County; Colorado,,,2,6,57,4,3,4,1,4,0,3,6,,,,,,,,,,,,4,2,53,3,1,3,2,0,5,2,4,,,,,,,,,,,1500000US080130607001,6,7,110,5,,0,6,1,1,1,0,3
,,,,,,,,,,,4,14,3,6,6,6,13,1,2,5,,,,,,,,,Block Group 2; Census Tract 607; Boulder County; Colorado,,,3,11,123,4,8,2,3,16,5,17,4,,,,,,,,,,,,1,5,160,7,0,8,5,12,8,14,16,,,,,,,,,,,1500000US080130607002,8,7,283,5,,12,7,5,13,4,11,2
,,,,,,,,,,,7,8,2,6,6,2,6,0,9,9,,,,,,,,,Block Group 3; Census Tract 607; Boulder County; Colorado,,,7,3,112,6,6,6,2,7,8,6,1,,,,,,,,,,,,10,9,117,5,8,6,10,3,1,2,8,,,,,,,,,,,1500000US080130607003,8,4,229,7,,10,5,1,7,6,7,5
,,,,,,,,,,,1,0,0,0,3,2,0,0,5,4,,,,,,,,,Block Group 1; Census Tract 608.01; Boulder County; Colorado,,,1,2,23,1,0,0,0,1,1,1,0,,,,,,,,,,,,0,0,11,2,0,0,0,5,0,1,0,,,,,,,,,,,1500000US080130608011,0,1,34,2,,0,0,0,0,1,0,0
,,,,,,,,,,,17,16,15,5,16,11,8,11,19,11,,,,,,,,,Block Group 2; Census Tract 608.01; Boulder County; Colorado,,,10,5,231,15,5,12,11,15,5,19,10,,,,,,,,,,,,11,18,231,10,6,11,6,10,5,7,15,,,,,,,,,,,1500000US080130608012,14,13,462,8,,16,10,18,16,11,13,8
,,,,,,,,,,,10,1,7,22,6,15,9,4,13,7,,,,,,,,,Block Group 3; Census Tract 608.01; Boulder County; Colorado,,,13,14,207,15,8,6,8,12,16,8,10,,,,,,,,,,,,11,16,239,15,10,13,8,6,12,13,9,,,,,,,,,,,1500000US080130608013,14,24,446,11,,12,14,14,10,6,9,15
,,,,,,,,,,,12,7,10,7,14,4,15,6,12,8,,,,,,,,,Block Group 1; Census Tract 608.02; Boulder County; Colorado,,,19,11,210,6,6,15,9,1,14,17,7,,,,,,,,,,,,10,5,213,14,13,16,5,11,10,24,9,,,,,,,,,,,1500000US080130608021,14,12,423,7,,8,16,7,16,7,10,9
,,,,,,,,,,,10,9,7,7,4,7,4,8,2,3,,,,,,,,,Block Group 2; Census Tract 608.02; Boulder County; Colorado,,,0,2,91,14,9,9,8,3,6,1,7,,,,,,,,,,,,0,3,128,2,5,8,4,2,5,9,7,,,,,,,,,,,1500000US080130608022,4,6,219,9,,8,4,9,1,5,5,3
,,,,,,,,,,,12,5,5,14,8,22,13,9,17,20,,,,,,,,,Block Group 3; Census Tract 608.02; Boulder County; Colorado,,,10,18,219,19,12,6,6,20,10,6,11,,,,,,,,,,,,9,8,257,14,10,17,14,14,14,15,8,,,,,,,,,,,1500000US080130608023,4,13,476,17,,10,9,12,12,8,15,10
,,,,,,,,,,,10,13,4,2,4,0,4,4,1,3,,,,,,,,,Block Group 4; Census Tract 608.02; Boulder County; Colorado,,,7,7,95,5,2,3,4,4,5,7,3,,,,,,,,,,,,6,8,88,1,7,1,6,9,3,2,8,,,,,,,,,,,1500000US080130608024,6,5,183,3,,1,7,3,6,3,1,5
,,,,,,,,,,,7,10,3,6,3,7,7,9,8,12,,,,,,,,,Block Group 1; Census Tract 609; Boulder County; Colorado,,,10,16,165,12,3,3,6,6,12,7,10,,,,,,,,,,,,8,10,189,8,6,5,21,8,12,4,17,,,,,,,,,,,1500000US080130609001,11,7,354,4,,1,9,11,6,12,20,17
,,,,,,,,,,,23,12,23,16,12,14,13,14,14,13,,,,,,,,,Block Group 2; Census Tract 609; Boulder County; Colorado,,,17,15,298,15,6,20,20,25,21,18,24,,,,,,,,,,,,24,14,345,11,8,16,16,17,13,18,20,,,,,,,,,,,1500000US080130609002,5,11,643,27,,13,21,20,17,7,20,10
,,,,,,,,,,,16,6,0,9,18,11,11,9,10,6,,,,,,,,,Block Group 3; Census Tract 609; Boulder County; Colorado,,,6,11,162,9,3,9,11,4,9,11,9,,,,,,,,,,,,3,14,170,7,10,14,4,8,10,6,9,,,,,,,,,,,1500000US080130609003,10,11,332,6,,10,4,6,10,6,3,3
,,,,,,,,,,,25,19,5,14,18,9,24,7,5,15,,,,,,,,,Block Group 1; Census Tract 613; Boulder County; Colorado,,,16,14,234,23,14,16,3,17,6,21,9,,,,,,,,,,,,17,6,286,8,9,14,8,20,16,19,20,,,,,,,,,,,1500000US080130613001,11,21,520,14,,6,14,4,10,7,10,6
,,,,,,,,,,,26,28,7,25,24,16,16,8,21,13,,,,,,,,,Block Group 2; Census Tract 613; Boulder County; Colorado,,,14,14,313,11,12,18,10,22,5,21,6,,,,,,,,,,,,15,13,304,20,13,16,13,14,11,12,25,,,,,,,,,,,1500000US080130613002,22,8,617,14,,16,24,11,14,8,13,18
,,,,,,,,,,,36,20,6,19,27,18,27,11,30,12,,,,,,,,,Block Group 1; Census Tract 614; Boulder County; Colorado,,,16,24,357,13,13,22,10,40,14,18,15,,,,,,,,,,,,10,18,401,25,18,17,9,24,7,16,24,,,,,,,,,,,1500000US080130614001,15,27,758,19,,24,36,5,23,12,20,18
,,,,,,,,,,,27,13,1,14,16,12,24,6,14,9,,,,,,,,,Block Group 2; Census Tract 614; Boulder County; Colorado,,,14,16,281,7,10,26,2,16,10,18,2,,,,,,,,,,,,16,15,288,15,14,8,8,33,3,22,22,,,,,,,,,,,1500000US080130614002,24,21,569,14,,15,26,15,27,3,4,7
