B11005_008M,B11005_012E,B11005_004M,B11005_016M,B11005_011MA,B11005_013MA,B11005_012M,B11005_015MA,B11005_017MA,B11005_008MA,B11005_002EA,B11005_004EA,B11005_006EA,B11005_008EA,B11005_017E,B11005_009E,B11005_013E,B11005_005E,B11005_017M,B11005_001E,B11005_009M,B11005_013M,B11005_005M,B11005_002MA,B11005_001M,B11005_004MA,B11005_006MA,NAME,B11005_012EA,B11005_014EA,B11005_016EA,B11005_018EA,B11005_006E,B11005_018E,B11005_002E,B11005_014E,B11005_006M,B11005_010E,B11005_018M,B11005_002M,B11005_014M,B11005_010MA,B11005_010M,B11005_012MA,B11005_014MA,B11005_016MA,B11005_010EA,B11005_018MA,B11005_001EA,B11005_009MA,B11005_003EA,B11005_005EA,B11005_007EA,B11005_007E,B11005_009EA,B11005_019E,B11005_003E,B11005_015E,B11005_007M,B11005_011E,B11005_019M,B11005_003M,B11005_015M,B11005_001MA,B11005_011M,B11005_003MA,B11005_005MA,B11005_007MA,B11005_011EA,B11005_019MA,GEO_ID,B11005_013EA,B11005_015EA,B11005_017EA,B11005_019EA,B11005_008E,B11005_004E,B11005_016E
14,668,94,49,,,215,,,,,,,,1018,0,612,146,321,2217,14,202,110,,327,,,Census Tract 121.01; Boulder County; Colorado,,,,,30,470,531,56,45,0,304,111,52,,14,,,,,,,,,,,116,,548,531,9,100,1686,142,111,16,,334,,,,,,1400000US08013012101,,,,,0,385,47
36,519,89,28,,,96,,,,,,,,672,28,465,106,159,1579,36,90,72,,172,,,Census Tract 121.03; Boulder County; Colorado,,,,,67,325,388,54,63,0,152,120,39,,14,,,,,,,,,,,39,,347,360,23,41,1191,96,113,28,,172,,,,,,1400000US08013012103,,,,,28,254,31
14,416,53,36,,,71,,,,,,,,322,8,379,34,69,994,14,77,31,,86,,,Census Tract 121.04; Boulder County; Colorado,,,,,20,91,256,37,22,0,48,50,36,,14,,,,,,,,,,,14,,231,248,0,23,738,57,52,14,,81,,,,,,1400000US08013012104,,,,,8,214,37
22,859,237,124,,,231,,,,,,,,868,0,587,180,211,2532,19,182,135,,241,,,Census Tract 121.05; Boulder County; Colorado,,,,,28,256,805,272,43,12,127,241,143,,22,,,,,,,,,,,152,,612,793,132,123,1727,183,243,65,,274,,,,,,1400000US08013012105,,,,,12,613,140
14,393,52,24,,,98,,,,,,,,523,0,364,99,226,1215,14,95,70,,215,,,Census Tract 121.06; Boulder County; Colorado,,,,,48,122,299,29,55,0,48,79,28,,14,,,,,,,,,,,51,,401,299,9,49,916,224,79,14,,224,,,,,,1400000US08013012106,,,,,0,200,20
14,518,66,46,,,133,,,,,,,,924,0,381,174,166,1852,14,101,102,,180,,,Census Tract 121.07; Boulder County; Colorado,,,,,24,471,410,137,30,0,138,108,93,,14,,,,,,,,,,,150,,453,410,106,104,1442,112,108,85,,169,,,,,,1400000US08013012107,,,,,0,236,31
14,477,80,64,,,96,,,,,,,,842,0,392,17,99,1484,14,76,21,,104,,,Census Tract 122.01; Boulder County; Colorado,,,,,17,402,165,85,21,0,101,86,73,,14,,,,,,,,,,,0,,440,165,40,14,1319,96,86,38,,93,,,,,,1400000US08013012201,,,,,0,148,45
14,260,42,28,,,94,,,,,,,,1387,0,229,0,243,1709,14,90,14,,235,,,Census Tract 122.04; Boulder County; Colorado,,,,,0,732,62,31,14,0,219,42,31,,14,,,,,,,,,,,0,,655,62,8,14,1647,144,42,12,,241,,,,,,1400000US08013012204,,,,,0,62,23
127,220,16,28,,,72,,,,,,,,1706,85,203,67,389,2090,127,62,67,,371,,,Census Tract 122.05; Boulder County; Colorado,,,,,39,913,164,17,58,0,298,151,28,,14,,,,,,,,,,,28,,793,79,0,38,1926,284,69,14,,385,,,,,,1400000US08013012205,,,,,85,12,17
14,263,15,42,,,113,,,,,,,,1318,0,195,0,301,1591,14,96,14,,266,,,Census Tract 122.06; Boulder County; Colorado,,,,,0,648,10,68,14,0,198,15,47,,14,,,,,,,,,,,0,,670,10,14,14,1581,230,15,22,,266,,,,,,1400000US08013012206,,,,,0,10,54
14,340,68,14,,,123,,,,,,,,1673,0,321,312,291,2390,14,124,107,,297,,,Census Tract 122.07; Boulder County; Colorado,,,,,63,1156,377,19,74,0,276,109,29,,14,,,,,,,,,,,249,,517,377,19,85,2013,192,109,29,,278,,,,,,1400000US08013012207,,,,,0,65,0
14,272,17,31,,,98,,,,,,,,1237,0,234,71,192,1590,14,103,23,,184,,,Census Tract 122.08; Boulder County; Colorado,,,,,20,796,81,38,21,0,199,26,35,,14,,,,,,,,,,,51,,441,81,10,44,1509,137,26,17,,188,,,,,,1400000US08013012208,,,,,0,10,28
19,64,41,19,,,32,,,,,,,,406,0,64,43,81,610,19,32,55,,102,,,Census Tract 123; Boulder County; Colorado,,,,,0,275,140,0,19,0,69,67,19,,19,,,,,,,,,,,43,,131,140,0,55,470,59,67,19,,85,,,,,,1400000US08013012300,,,,,0,97,0
62,163,92,61,,,79,,,,,,,,1732,37,126,0,335,2042,62,61,19,,330,,,Census Tract 124.01; Boulder County; Colorado,,,,,0,834,147,37,19,0,204,95,61,,19,,,,,,,,,,,0,,898,110,0,19,1895,319,92,19,,330,,,,,,1400000US08013012401,,,,,37,110,37
14,308,156,14,,,100,,,,,,,,627,0,240,19,141,1226,14,71,19,,159,,,Census Tract 125.01; Boulder County; Colorado,,,,,19,404,291,68,19,0,121,157,75,,14,,,,,,,,,,,0,,223,291,59,14,935,78,157,74,,103,,,,,,1400000US08013012501,,,,,0,272,9
14,488,137,14,,,102,,,,,,,,638,0,488,97,96,1639,14,102,48,,124,,,Census Tract 125.05; Boulder County; Colorado,,,,,28,279,513,0,27,0,87,123,14,,14,,,,,,,,,,,69,,359,513,0,43,1126,98,123,14,,100,,,,,,1400000US08013012505,,,,,0,416,0
13,321,71,68,,,103,,,,,,,,1238,8,239,73,219,1832,13,81,44,,238,,,Census Tract 125.07; Boulder County; Colorado,,,,,21,727,273,82,24,0,208,74,70,,14,,,,,,,,,,,52,,511,265,8,37,1559,166,78,13,,231,,,,,,1400000US08013012507,,,,,8,192,74
14,279,34,50,,,104,,,,,,,,739,0,220,77,91,1195,14,89,44,,104,,,Census Tract 125.08; Boulder County; Colorado,,,,,8,452,177,59,13,0,103,42,50,,14,,,,,,,,,,,69,,287,177,0,44,1018,78,42,14,,105,,,,,,1400000US08013012508,,,,,0,100,59
14,422,115,33,,,99,,,,,,,,233,0,380,61,68,1185,14,88,43,,129,,,Census Tract 125.09; Boulder County; Colorado,,,,,19,95,530,42,20,0,51,108,41,,14,,,,,,,,,,,42,,138,530,16,32,655,50,108,26,,100,,,,,,1400000US08013012509,,,,,0,469,26
14,594,50,28,,,115,,,,,,,,905,0,538,74,156,1821,14,109,60,,163,,,Census Tract 125.10; Boulder County; Colorado,,,,,14,318,322,56,24,0,118,70,35,,14,,,,,,,,,,,60,,587,322,21,54,1499,153,70,20,,161,,,,,,1400000US08013012510,,,,,0,248,35
19,415,41,17,,,89,,,,,,,,1127,0,360,53,249,1789,19,80,53,,259,,,Census Tract 125.11; Boulder County; Colorado,,,,,53,477,247,55,53,0,105,67,34,,19,,,,,,,,,,,0,,650,247,39,19,1542,228,67,31,,245,,,,,,1400000US08013012511,,,,,0,194,16
14,563,99,62,,,118,,,,,,,,598,0,468,14,101,1487,14,93,18,,149,,,Census Tract 126.03; Boulder County; Colorado,,,,,6,239,326,95,12,0,86,101,86,,14,,,,,,,,,,,8,,359,326,43,12,1161,96,101,57,,119,,,,,,1400000US08013012603,,,,,0,312,52
14,109,47,19,,,42,,,,,,,,656,0,78,0,129,803,14,34,14,,135,,,Census Tract 126.05; Boulder County; Colorado,,,,,0,407,38,31,14,0,130,47,28,,14,,,,,,,,,,,0,,249,38,18,14,765,65,47,21,,124,,,,,,1400000US08013012605,,,,,0,38,13
14,295,44,108,,,122,,,,,,,,493,0,195,25,105,970,14,56,29,,164,,,Census Tract 126.08; Boulder County; Colorado,,,,,0,205,182,100,14,0,59,42,109,,14,,,,,,,,,,,25,,288,182,11,29,788,84,42,13,,160,,,,,,1400000US08013012608,,,,,0,157,89
14,52,19,25,,,37,,,,,,,,703,0,29,0,186,782,14,25,14,,184,,,Census Tract 126.09; Boulder County; Colorado,,,,,0,393,27,23,14,0,178,19,25,,14,,,,,,,,,,,0,,310,27,0,14,755,121,19,14,,184,,,,,,1400000US08013012609,,,,,0,27,23
19,97,32,91,,,94,,,,,,,,2454,0,17,0,287,2571,19,28,19,,269,,,Census Tract 126.10; Boulder County; Colorado,,,,,0,1592,20,80,19,0,325,32,91,,19,,,,,,,,,,,0,,862,20,0,19,2551,228,32,19,,269,,,,,,1400000US08013012610,,,,,0,20,80
19,982,150,112,,,199,,,,,,,,1025,0,769,175,265,2702,19,180,92,,251,,,Census Tract 127.01; Boulder County; Colorado,,,,,145,290,695,213,85,0,103,156,134,,19,,,,,,,,,,,30,,735,695,98,33,2007,258,156,102,,255,,,,,,1400000US08013012701,,,,,0,520,115
19,708,225,78,,,252,,,,,,,,1838,0,472,84,234,2922,19,221,81,,358,,,Census Tract 127.05; Boulder County; Colorado,,,,,0,1025,376,236,19,0,240,221,133,,19,,,,,,,,,,,84,,813,376,126,81,2546,202,221,110,,304,,,,,,1400000US08013012705,,,,,0,292,110
14,296,50,64,,,88,,,,,,,,267,0,216,41,74,762,14,62,46,,113,,,Census Tract 127.07; Boulder County; Colorado,,,,,10,125,199,80,17,0,51,70,67,,14,,,,,,,,,,,31,,142,199,17,46,563,62,70,16,,96,,,,,,1400000US08013012707,,,,,0,158,63
14,815,112,24,,,157,,,,,,,,894,0,801,99,134,2142,14,153,78,,125,,,Census Tract 127.08; Boulder County; Colorado,,,,,0,286,433,14,14,0,125,98,24,,14,,,,,,,,,,,99,,608,433,0,78,1709,117,98,14,,147,,,,,,1400000US08013012708,,,,,0,334,14
14,380,26,39,,,84,,,,,,,,280,0,264,32,106,843,14,48,24,,104,,,Census Tract 127.09; Boulder County; Colorado,,,,,8,200,183,116,13,0,103,37,63,,14,,,,,,,,,,,24,,80,183,66,20,660,36,37,75,,103,,,,,,1400000US08013012709,,,,,0,151,50
14,633,51,31,,,79,,,,,,,,390,0,562,95,133,1355,14,89,65,,162,,,Census Tract 127.10; Boulder County; Colorado,,,,,76,174,332,71,62,0,82,81,37,,14,,,,,,,,,,,19,,216,332,36,20,1023,111,81,36,,145,,,,,,1400000US08013012710,,,,,0,237,35
34,1187,195,74,,,235,,,,,,,,845,30,1100,149,288,3407,34,225,100,,298,,,Census Tract 128.01; Boulder County; Colorado,,,,,40,412,1375,87,58,0,208,199,80,,19,,,,,,,,,,,109,,433,1345,19,85,2032,215,202,31,,296,,,,,,1400000US08013012801,,,,,30,1196,68
19,799,263,23,,,165,,,,,,,,509,0,762,185,169,2411,19,164,131,,268,,,Census Tract 128.02; Boulder County; Colorado,,,,,87,275,1103,37,112,0,147,282,44,,19,,,,,,,,,,,98,,234,1103,22,77,1308,119,282,37,,178,,,,,,1400000US08013012802,,,,,0,918,15
14,436,44,15,,,118,,,,,,,,290,0,358,30,82,1008,14,80,23,,149,,,Census Tract 129.03; Boulder County; Colorado,,,,,15,106,282,78,16,0,32,49,92,,14,,,,,,,,,,,15,,184,282,61,13,726,77,49,92,,148,,,,,,1400000US08013012903,,,,,0,252,17
19,1140,126,23,,,356,,,,,,,,833,0,1081,88,232,2520,19,357,59,,371,,,Census Tract 129.04; Boulder County; Colorado,,,,,50,357,547,59,48,0,132,128,55,,19,,,,,,,,,,,38,,476,547,45,34,1973,190,128,47,,392,,,,,,1400000US08013012904,,,,,0,459,14
14,360,47,27,,,130,,,,,,,,745,0,311,25,272,1349,14,130,25,,250,,,Census Tract 129.05; Boulder County; Colorado,,,,,12,352,244,49,19,0,173,53,37,,14,,,,,,,,,,,13,,393,244,26,15,1105,204,53,27,,256,,,,,,1400000US08013012905,,,,,0,219,23
14,555,90,27,,,112,,,,,,,,440,0,505,104,95,1418,14,111,65,,110,,,Census Tract 129.07; Boulder County; Colorado,,,,,42,178,423,50,47,0,66,96,35,,14,,,,,,,,,,,62,,262,423,20,50,995,85,96,23,,103,,,,,,1400000US08013012907,,,,,0,319,30
19,982,115,81,,,188,,,,,,,,1114,0,895,185,242,3145,19,171,114,,243,,,Census Tract 130.03; Boulder County; Colorado,,,,,89,544,1049,87,81,0,197,121,81,,19,,,,,,,,,,,96,,570,1049,0,72,2096,151,121,19,,241,,,,,,1400000US08013013003,,,,,0,864,87
14,358,135,26,,,111,,,,,,,,180,0,316,74,77,1054,14,101,65,,120,,,Census Tract 130.04; Boulder County; Colorado,,,,,42,63,516,42,46,0,41,129,29,,14,,,,,,,,,,,32,,117,516,8,50,538,67,129,13,,128,,,,,,1400000US08013013004,,,,,0,442,34
14,355,86,23,,,72,,,,,,,,465,0,286,111,110,1280,14,60,60,,128,,,Census Tract 130.05; Boulder County; Colorado,,,,,51,206,460,69,44,0,63,96,41,,14,,,,,,,,,,,60,,259,460,40,40,820,100,96,34,,117,,,,,,1400000US08013013005,,,,,0,349,29
19,613,216,17,,,159,,,,,,,,480,0,596,228,131,2011,19,155,126,,206,,,Census Tract 130.06; Boulder County; Colorado,,,,,79,207,918,17,92,0,88,177,19,,19,,,,,,,,,,,149,,273,918,4,83,1093,122,177,7,,163,,,,,,1400000US08013013006,,,,,0,690,13
14,389,68,15,,,66,,,,,,,,354,0,380,93,86,961,14,66,59,,97,,,Census Tract 132.01; Boulder County; Colorado,,,,,0,87,218,9,14,0,48,69,15,,14,,,,,,,,,,,93,,267,218,0,59,743,83,69,14,,89,,,,,,1400000US08013013201,,,,,0,125,9
14,325,45,14,,,55,,,,,,,,153,0,285,8,72,584,14,55,13,,84,,,Census Tract 132.02; Boulder County; Colorado,,,,,0,65,106,40,14,0,43,51,27,,14,,,,,,,,,,,8,,88,106,29,13,478,51,51,26,,83,,,,,,1400000US08013013202,,,,,0,98,11
14,989,174,40,,,146,,,,,,,,529,0,926,63,190,2027,14,149,53,,192,,,Census Tract 132.05; Boulder County; Colorado,,,,,36,307,509,63,41,0,137,179,61,,14,,,,,,,,,,,27,,222,509,30,38,1518,139,179,47,,170,,,,,,1400000US08013013205,,,,,0,446,33
14,741,89,70,,,102,,,,,,,,729,0,653,98,141,1802,14,95,64,,158,,,Census Tract 132.07; Boulder County; Colorado,,,,,16,322,332,88,23,0,112,103,71,,14,,,,,,,,,,,82,,407,332,7,61,1470,93,103,11,,158,,,,,,1400000US08013013207,,,,,0,234,81
19,886,155,68,,,168,,,,,,,,1053,0,767,189,270,2503,19,155,103,,241,,,Census Tract 132.08; Boulder County; Colorado,,,,,39,168,564,119,40,0,93,149,80,,19,,,,,,,,,,,150,,885,564,36,82,1939,276,149,41,,274,,,,,,1400000US08013013208,,,,,0,375,83
19,1009,134,117,,,235,,,,,,,,739,0,665,208,158,2286,19,197,121,,221,,,Census Tract 132.10; Boulder County; Colorado,,,,,98,419,538,344,91,0,145,172,172,,19,,,,,,,,,,,110,,320,538,194,80,1748,108,172,142,,191,,,,,,1400000US08013013210,,,,,0,330,150
19,986,280,54,,,208,,,,,,,,849,0,919,326,226,2835,19,209,162,,325,,,Census Tract 132.11; Boulder County; Colorado,,,,,165,320,1000,67,142,0,142,327,54,,19,,,,,,,,,,,161,,529,1000,0,93,1835,166,327,19,,250,,,,,,1400000US08013013211,,,,,0,674,67
14,584,170,27,,,105,,,,,,,,1102,0,508,195,180,2290,14,102,72,,205,,,Census Tract 132.12; Boulder County; Colorado,,,,,82,582,604,76,48,0,166,168,44,,14,,,,,,,,,,,113,,520,604,40,73,1686,147,168,41,,175,,,,,,1400000US08013013212,,,,,0,409,36
19,919,283,45,,,266,,,,,,,,761,0,781,100,199,2452,19,236,87,,341,,,Census Tract 132.14; Boulder County; Colorado,,,,,3,375,772,138,10,0,148,291,105,,19,,,,,,,,,,,97,,386,772,92,85,1680,178,291,96,,279,,,,,,1400000US08013013214,,,,,0,672,46
19,537,126,11,,,160,,,,,,,,1042,0,447,330,257,2260,19,180,170,,255,,,Census Tract 132.15; Boulder County; Colorado,,,,,30,586,681,90,35,0,223,182,88,,19,,,,,,,,,,,300,,456,681,84,165,1579,223,182,84,,284,,,,,,1400000US08013013215,,,,,0,351,6
19,555,105,40,,,159,,,,,,,,1678,0,461,111,382,2687,19,156,68,,369,,,Census Tract 133.02; Boulder County; Colorado,,,,,63,883,454,94,55,0,330,109,62,,19,,,,,,,,,,,48,,795,454,49,55,2233,222,109,47,,372,,,,,,1400000US08013013302,,,,,0,343,45
19,733,165,94,,,198,,,,,,,,687,0,568,232,220,2024,19,190,107,,179,,,Census Tract 133.05; Boulder County; Colorado,,,,,113,468,604,165,89,0,196,167,100,,19,,,,,,,,,,,119,,219,604,40,71,1420,117,167,41,,151,,,,,,1400000US08013013305,,,,,0,372,125
14,548,141,75,,,217,,,,,,,,708,0,415,52,171,1719,14,202,53,,280,,,Census Tract 133.06; Boulder County; Colorado,,,,,38,240,463,133,47,0,101,155,78,,14,,,,,,,,,,,14,,468,463,34,23,1256,157,155,33,,265,,,,,,1400000US08013013306,,,,,0,411,99
14,355,87,28,,,114,,,,,,,,787,0,298,219,134,1542,14,109,135,,148,,,Census Tract 133.07; Boulder County; Colorado,,,,,71,410,400,57,62,0,125,136,43,,14,,,,,,,,,,,148,,377,400,38,115,1142,125,136,48,,110,,,,,,1400000US08013013307,,,,,0,181,19
14,473,77,23,,,128,,,,,,,,976,0,436,99,130,1797,14,129,47,,140,,,Census Tract 133.08; Boulder County; Colorado,,,,,39,410,348,37,27,0,102,80,31,,14,,,,,,,,,,,60,,566,348,17,44,1449,119,80,21,,134,,,,,,1400000US08013013308,,,,,0,249,20
26,537,60,75,,,131,,,,,,,,1062,20,388,181,175,1898,26,126,90,,134,,,Census Tract 134.01; Boulder County; Colorado,,,,,62,457,299,149,53,0,155,86,73,,14,,,,,,,,,,,119,,605,279,33,62,1599,152,81,38,,140,,,,,,1400000US08013013401,,,,,20,98,116
19,1376,143,78,,,333,,,,,,,,1308,0,1256,201,209,3303,19,333,129,,341,,,Census Tract 134.02; Boulder County; Colorado,,,,,37,554,619,120,44,0,172,154,78,,19,,,,,,,,,,,164,,754,619,0,117,2684,246,154,19,,372,,,,,,1400000US08013013402,,,,,0,418,120
89,551,111,79,,,111,,,,,,,,719,64,337,328,177,1950,89,89,165,,156,,,Census Tract 135.03; Boulder County; Colorado,,,,,21,393,680,214,25,0,165,124,106,,19,,,,,,,,,,,307,,326,616,122,166,1270,99,148,75,,176,,,,,,1400000US08013013503,,,,,64,288,92
14,642,117,80,,,244,,,,,,,,818,0,425,211,132,1903,14,227,112,,277,,,Census Tract 135.05; Boulder County; Colorado,,,,,47,410,443,217,50,0,141,130,113,,14,,,,,,,,,,,164,,408,443,133,100,1460,123,130,79,,250,,,,,,1400000US08013013505,,,,,0,232,84
14,936,86,70,,,174,,,,,,,,553,0,835,92,115,1963,14,180,74,,190,,,Census Tract 135.06; Boulder County; Colorado,,,,,60,180,474,101,68,0,84,94,70,,14,,,,,,,,,,,32,,373,474,0,32,1489,93,94,14,,193,,,,,,1400000US08013013506,,,,,0,382,101
14,507,108,26,,,151,,,,,,,,432,0,410,207,159,1363,14,128,90,,164,,,Census Tract 135.07; Boulder County; Colorado,,,,,55,127,424,97,56,0,59,141,67,,14,,,,,,,,,,,152,,305,424,66,90,939,143,141,66,,227,,,,,,1400000US08013013507,,,,,0,217,31
19,1533,125,64,,,315,,,,,,,,1013,0,1310,28,259,3219,19,254,32,,290,,,Census Tract 135.08; Boulder County; Colorado,,,,,0,471,673,223,19,0,177,128,160,,19,,,,,,,,,,,28,,542,673,132,32,2546,190,128,149,,295,,,,,,1400000US08013013508,,,,,0,645,91
25,515,89,26,,,141,,,,,,,,581,14,488,73,144,1493,25,139,51,,175,,,Census Tract 136.01; Boulder County; Colorado,,,,,35,334,397,27,39,0,117,93,27,,14,,,,,,,,,,,38,,247,383,5,26,1096,89,90,8,,172,,,,,,1400000US08013013601,,,,,14,310,22
14,266,56,11,,,93,,,,,,,,262,0,259,12,96,607,14,92,14,,136,,,Census Tract 136.02; Boulder County; Colorado,,,,,0,142,79,7,14,0,73,57,11,,14,,,,,,,,,,,12,,120,79,0,14,528,61,57,14,,128,,,,,,1400000US08013013602,,,,,0,67,7
14,284,24,10,,,117,,,,,,,,289,0,277,22,83,668,14,116,21,,128,,,Census Tract 137.03; Boulder County; Colorado,,,,,1,135,95,7,2,0,52,32,10,,14,,,,,,,,,,,21,,154,95,0,21,573,79,32,14,,128,,,,,,1400000US08013013703,,,,,0,73,7
79,848,194,33,,,223,,,,,,,,822,0,828,107,176,2284,14,223,111,,298,,,Census Tract 137.04; Boulder County; Colorado,,,,,0,497,614,20,14,58,161,230,33,,79,,,,,,,,,,,107,,325,556,0,111,1670,115,224,14,,246,,,,,,1400000US08013013704,,,,,58,449,20
14,412,75,6,,,105,,,,,,,,496,0,398,28,225,1131,14,105,31,,233,,,Census Tract 137.05; Boulder County; Colorado,,,,,28,364,223,14,31,0,214,72,17,,14,,,,,,,,,,,0,,132,223,11,14,908,63,72,15,,237,,,,,,1400000US08013013705,,,,,0,195,3
40,579,113,47,,,131,,,,,,,,698,38,517,62,148,1674,40,126,46,,154,,,Census Tract 137.06; Boulder County; Colorado,,,,,17,387,397,62,26,0,117,124,49,,14,,,,,,,,,,,45,,311,359,16,38,1277,121,121,19,,176,,,,,,1400000US08013013706,,,,,38,297,46
19,629,198,55,,,190,,,,,,,,1101,0,512,78,220,2387,19,190,81,,182,,,Census Tract 606.01; Boulder County; Colorado,,,,,46,733,657,117,73,0,194,207,67,,19,,,,,,,,,,,32,,368,657,34,38,1730,170,207,37,,211,,,,,,1400000US08013060601,,,,,0,579,83
14,128,10,15,,,51,,,,,,,,126,0,108,21,84,281,14,50,21,,105,,,Census Tract 606.02; Boulder County; Colorado,,,,,8,67,27,20,13,0,53,23,18,,14,,,,,,,,,,,13,,59,27,6,16,254,64,23,9,,101,,,,,,1400000US08013060602,,,,,0,6,14
14,487,71,37,,,126,,,,,,,,432,0,427,77,108,1175,14,123,40,,132,,,Census Tract 607; Boulder County; Colorado,,,,,24,200,256,60,30,0,78,62,48,,14,,,,,,,,,,,53,,232,256,16,28,919,75,62,24,,136,,,,,,1400000US08013060700,,,,,0,179,44
14,404,100,54,,,118,,,,,,,,985,0,321,144,266,1818,14,113,92,,258,,,Census Tract 608.01; Boulder County; Colorado,,,,,12,564,429,83,20,0,243,101,54,,14,,,,,,,,,,,132,,421,429,0,89,1389,144,101,14,,264,,,,,,1400000US08013060801,,,,,0,285,83
19,458,161,47,,,160,,,,,,,,777,0,388,489,186,2005,19,162,256,,262,,,Census Tract 608.02; Boulder County; Colorado,,,,,196,463,770,70,209,0,160,273,56,,19,,,,,,,,,,,293,,314,770,16,149,1235,136,273,26,,224,,,,,,1400000US08013060802,,,,,0,281,54
19,596,131,19,,,149,,,,,,,,804,0,547,235,184,2150,19,144,173,,209,,,Census Tract 609; Boulder County; Colorado,,,,,134,350,750,49,158,0,123,204,49,,19,,,,,,,,,,,101,,454,750,49,84,1400,161,204,49,,154,,,,,,1400000US08013060900,,,,,0,515,0
14,381,71,34,,,65,,,,,,,,76,0,350,86,48,993,14,61,58,,102,,,Census Tract 613; Boulder County; Colorado,,,,,69,37,536,31,56,0,29,95,33,,14,,,,,,,,,,,17,,39,536,1,14,457,37,95,3,,86,,,,,,1400000US08013061300,,,,,0,450,30
14,573,133,13,,,96,,,,,,,,185,0,523,166,68,1450,14,94,82,,173,,,Census Tract 614; Boulder County; Colorado,,,,,116,44,692,50,72,0,32,143,42,,14,,,,,,,,,,,50,,141,692,42,48,758,64,143,42,,101,,,,,,1400000US08013061400,,,,,0,526,8
