B01002_001EA,B01002_002EA,B01002_003EA,B01002_001MA,B01002_002MA,B01002_003MA,NAME,B01002_002M,GEO_ID,B01002_003M,B01002_001M,B01002_002E,B01002_003E,B01002_001E
,,,,,,Census Tract 121.01; Boulder County; Colorado,9.2,1400000US08013012101,7.6,6.0,45.1,45.4,45.2
,,,,,,Census Tract 121.03; Boulder County; Colorado,5.9,1400000US08013012103,2.8,2.8,40.5,40.4,40.4
,,,,,,Census Tract 121.04; Boulder County; Colorado,4.4,1400000US08013012104,3.3,2.7,54.3,53.3,53.7
,,,,,,Census Tract 121.05; Boulder County; Colorado,5.5,1400000US08013012105,4.0,3.2,41.1,42.9,42.2
,,,,,,Census Tract 121.06; Boulder County; Colorado,13.9,1400000US08013012106,6.8,5.5,46.2,50.6,48.0
,,,,,,Census Tract 121.07; Boulder County; Colorado,7.7,1400000US08013012107,7.1,6.7,31.3,35.9,34.9
,,,,,,Census Tract 122.01; Boulder County; Colorado,3.9,1400000US08013012201,8.9,5.6,40.6,31.2,37.5
,,,,,,Census Tract 122.04; Boulder County; Colorado,4.0,1400000US08013012204,4.1,5.9,24.0,29.5,25.7
,,,,,,Census Tract 122.05; Boulder County; Colorado,3.4,1400000US08013012205,17.8,2.8,27.5,35.8,27.9
,,,,,,Census Tract 122.06; Boulder County; Colorado,5.3,1400000US08013012206,2.1,2.1,26.9,23.0,24.1
,,,,,,Census Tract 122.07; Boulder County; Colorado,6.0,1400000US08013012207,5.3,3.8,35.8,32.1,33.6
,,,,,,Census Tract 122.08; Boulder County; Colorado,4.3,1400000US08013012208,2.4,2.9,34.2,32.4,33.0
,,,,,,Census Tract 123; Boulder County; Colorado,0.2,1400000US08013012300,0.2,0.2,19.5,19.4,19.5
,,,,,,Census Tract 124.01; Boulder County; Colorado,0.6,1400000US08013012401,0.5,0.4,21.1,20.9,21.0
,,,,,,Census Tract 125.01; Boulder County; Colorado,9.6,1400000US08013012501,3.2,4.0,34.2,27.8,30.0
,,,,,,Census Tract 125.05; Boulder County; Colorado,4.6,1400000US08013012505,11.6,4.1,44.9,37.0,41.7
,,,,,,Census Tract 125.07; Boulder County; Colorado,2.8,1400000US08013012507,4.7,2.4,25.9,24.7,25.4
,,,,,,Census Tract 125.08; Boulder County; Colorado,1.9,1400000US08013012508,3.1,1.4,33.4,32.5,33.0
,,,,,,Census Tract 125.09; Boulder County; Colorado,7.1,1400000US08013012509,5.1,2.0,40.3,44.9,43.5
,,,,,,Census Tract 125.10; Boulder County; Colorado,4.6,1400000US08013012510,3.9,3.4,47.5,49.7,48.7
,,,,,,Census Tract 125.11; Boulder County; Colorado,1.6,1400000US08013012511,2.4,1.4,22.2,21.7,22.1
,,,,,,Census Tract 126.03; Boulder County; Colorado,3.9,1400000US08013012603,5.8,4.0,42.3,40.6,42.0
,,,,,,Census Tract 126.05; Boulder County; Colorado,1.2,1400000US08013012605,1.5,0.9,21.9,21.6,21.8
,,,,,,Census Tract 126.08; Boulder County; Colorado,5.7,1400000US08013012608,5.3,4.5,31.1,35.3,33.7
,,,,,,Census Tract 126.09; Boulder County; Colorado,2.3,1400000US08013012609,3.4,1.4,23.0,21.9,22.9
,,,,,,Census Tract 126.10; Boulder County; Colorado,0.3,1400000US08013012610,0.4,0.3,21.4,20.9,21.2
,,,,,,Census Tract 127.01; Boulder County; Colorado,8.5,1400000US08013012701,5.0,3.1,43.7,49.2,46.4
,,,,,,Census Tract 127.05; Boulder County; Colorado,3.8,1400000US08013012705,3.1,2.5,34.0,29.7,31.5
,,,,,,Census Tract 127.07; Boulder County; Colorado,4.6,1400000US08013012707,8.2,4.8,37.2,33.7,36.1
,,,,,,Census Tract 127.08; Boulder County; Colorado,4.9,1400000US08013012708,4.1,1.7,44.4,46.7,46.4
,,,,,,Census Tract 127.09; Boulder County; Colorado,3.6,1400000US08013012709,4.8,3.9,46.1,52.2,49.2
,,,,,,Census Tract 127.10; Boulder County; Colorado,2.4,1400000US08013012710,3.5,2.3,50.4,49.7,50.1
,,,,,,Census Tract 128.01; Boulder County; Colorado,2.2,1400000US08013012801,3.2,2.2,37.2,39.1,37.8
,,,,,,Census Tract 128.02; Boulder County; Colorado,4.9,1400000US08013012802,8.9,4.6,44.4,36.0,41.3
,,,,,,Census Tract 129.03; Boulder County; Colorado,3.6,1400000US08013012903,2.3,5.5,46.7,53.6,51.3
,,,,,,Census Tract 129.04; Boulder County; Colorado,5.7,1400000US08013012904,7.6,8.1,42.7,54.2,49.3
,,,,,,Census Tract 129.05; Boulder County; Colorado,8.6,1400000US08013012905,10.1,4.6,37.9,45.6,42.6
,,,,,,Census Tract 129.07; Boulder County; Colorado,5.3,1400000US08013012907,5.6,2.4,40.0,43.5,41.5
,,,,,,Census Tract 130.03; Boulder County; Colorado,5.6,1400000US08013013003,1.6,1.8,44.9,47.2,46.1
,,,,,,Census Tract 130.04; Boulder County; Colorado,3.5,1400000US08013013004,8.4,4.7,37.6,35.4,37.1
,,,,,,Census Tract 130.05; Boulder County; Colorado,4.5,1400000US08013013005,3.8,2.1,40.7,46.1,43.2
,,,,,,Census Tract 130.06; Boulder County; Colorado,5.8,1400000US08013013006,6.5,3.6,30.6,40.3,34.5
,,,,,,Census Tract 132.01; Boulder County; Colorado,11.3,1400000US08013013201,6.6,9.6,50.3,54.3,54.0
,,,,,,Census Tract 132.02; Boulder County; Colorado,9.3,1400000US08013013202,7.0,5.3,50.1,53.7,52.8
,,,,,,Census Tract 132.05; Boulder County; Colorado,4.7,1400000US08013013205,4.4,5.9,56.4,51.2,52.0
,,,,,,Census Tract 132.07; Boulder County; Colorado,9.7,1400000US08013013207,7.2,5.1,39.3,50.4,45.9
,,,,,,Census Tract 132.08; Boulder County; Colorado,3.6,1400000US08013013208,9.5,7.8,44.3,55.8,49.1
,,,,,,Census Tract 132.10; Boulder County; Colorado,4.2,1400000US08013013210,8.8,4.4,42.0,42.6,42.1
,,,,,,Census Tract 132.11; Boulder County; Colorado,2.4,1400000US08013013211,5.6,2.2,40.0,39.9,40.0
,,,,,,Census Tract 132.12; Boulder County; Colorado,7.5,1400000US08013013212,5.3,5.6,42.4,46.7,45.1
,,,,,,Census Tract 132.14; Boulder County; Colorado,5.7,1400000US08013013214,8.7,5.0,35.8,43.0,38.2
,,,,,,Census Tract 132.15; Boulder County; Colorado,2.9,1400000US08013013215,2.9,2.7,35.4,31.8,33.7
,,,,,,Census Tract 133.02; Boulder County; Colorado,4.0,1400000US08013013302,9.8,5.0,36.9,49.3,40.9
,,,,,,Census Tract 133.05; Boulder County; Colorado,3.4,1400000US08013013305,7.7,3.2,39.8,36.8,39.5
,,,,,,Census Tract 133.06; Boulder County; Colorado,10.0,1400000US08013013306,7.9,5.3,41.4,42.4,42.1
,,,,,,Census Tract 133.07; Boulder County; Colorado,4.2,1400000US08013013307,7.9,3.8,39.3,40.3,39.5
,,,,,,Census Tract 133.08; Boulder County; Colorado,7.5,1400000US08013013308,5.2,5.1,40.8,45.5,44.0
,,,,,,Census Tract 134.01; Boulder County; Colorado,4.4,1400000US08013013401,4.1,2.2,33.7,33.3,33.5
,,,,,,Census Tract 134.02; Boulder County; Colorado,6.7,1400000US08013013402,8.0,5.6,44.4,45.6,45.0
,,,,,,Census Tract 135.03; Boulder County; Colorado,6.3,1400000US08013013503,6.8,4.5,28.4,37.9,32.8
,,,,,,Census Tract 135.05; Boulder County; Colorado,5.7,1400000US08013013505,5.6,2.2,36.0,38.9,36.7
,,,,,,Census Tract 135.06; Boulder County; Colorado,3.8,1400000US08013013506,3.0,2.5,44.3,51.3,46.9
,,,,,,Census Tract 135.07; Boulder County; Colorado,8.2,1400000US08013013507,9.5,7.9,36.3,42.1,39.9
,,,,,,Census Tract 135.08; Boulder County; Colorado,5.0,1400000US08013013508,4.7,4.0,42.0,46.3,44.4
,,,,,,Census Tract 136.01; Boulder County; Colorado,4.2,1400000US08013013601,4.6,3.8,48.0,47.6,47.8
,,,,,,Census Tract 136.02; Boulder County; Colorado,13.7,1400000US08013013602,10.4,7.6,48.7,56.9,54.1
,,,,,,Census Tract 137.03; Boulder County; Colorado,7.9,1400000US08013013703,14.3,10.4,54.8,58.6,57.0
,,,,,,Census Tract 137.04; Boulder County; Colorado,4.5,1400000US08013013704,2.5,2.4,50.8,48.0,48.5
,,,,,,Census Tract 137.05; Boulder County; Colorado,8.7,1400000US08013013705,6.5,6.1,43.9,46.2,44.5
,,,,,,Census Tract 137.06; Boulder County; Colorado,5.2,1400000US08013013706,6.1,2.7,47.8,45.7,47.3
,,,,,,Census Tract 606.01; Boulder County; Colorado,1.8,1400000US08013060601,5.2,1.8,34.5,33.0,34.2
,,,,,,Census Tract 606.02; Boulder County; Colorado,14.2,1400000US08013060602,8.6,8.2,55.1,62.8,58.2
,,,,,,Census Tract 607; Boulder County; Colorado,5.9,1400000US08013060700,4.9,4.5,52.9,48.8,50.6
,,,,,,Census Tract 608.01; Boulder County; Colorado,5.4,1400000US08013060801,2.0,2.3,32.6,29.4,31.4
,,,,,,Census Tract 608.02; Boulder County; Colorado,4.8,1400000US08013060802,2.4,2.4,32.4,33.5,32.7
,,,,,,Census Tract 609; Boulder County; Colorado,3.4,1400000US08013060900,5.0,1.9,42.3,39.3,41.4
,,,,,,Census Tract 613; Boulder County; Colorado,7.4,1400000US08013061300,2.8,1.6,38.8,42.3,42.0
,,,,,,Census Tract 614; Boulder County; Colorado,3.4,1400000US08013061400,2.9,2.4,41.8,43.4,42.8
