B25010_001EA,B25010_002EA,B25010_003EA,B25010_001MA,B25010_002M,B25010_001M,B25010_002MA,B25010_003MA,NAME,GEO_ID,B25010_003M,B25010_002E,B25010_001E,B25010_003E
,,,,0.29,0.21,,,Census Tract 121.01; Boulder County; Colorado,1400000US08013012101,0.33,2.23,2.16,1.94
,,,,0.21,0.16,,,Census Tract 121.03; Boulder County; Colorado,1400000US08013012103,0.21,2.30,2.08,1.64
,,,,0.16,0.15,,,Census Tract 121.04; Boulder County; Colorado,1400000US08013012104,0.98,2.26,2.31,2.60
,,,,0.22,0.19,,,Census Tract 121.05; Boulder County; Colorado,1400000US08013012105,0.46,2.61,2.43,1.89
,,,,0.32,0.22,,,Census Tract 121.06; Boulder County; Colorado,1400000US08013012106,0.23,2.28,2.14,1.75
,,,,0.30,0.23,,,Census Tract 121.07; Boulder County; Colorado,1400000US08013012107,0.40,2.22,2.29,2.39
,,,,0.35,0.27,,,Census Tract 122.01; Boulder County; Colorado,1400000US08013012201,0.41,2.36,2.29,2.23
,,,,0.34,0.17,,,Census Tract 122.04; Boulder County; Colorado,1400000US08013012204,0.20,2.06,1.84,1.80
,,,,0.19,0.14,,,Census Tract 122.05; Boulder County; Colorado,1400000US08013012205,0.18,1.49,1.56,1.58
,,,,0.35,0.16,,,Census Tract 122.06; Boulder County; Colorado,1400000US08013012206,0.19,1.59,1.75,1.78
,,,,0.19,0.16,,,Census Tract 122.07; Boulder County; Colorado,1400000US08013012207,0.31,1.64,2.04,2.37
,,,,0.18,0.09,,,Census Tract 122.08; Boulder County; Colorado,1400000US08013012208,0.11,1.44,1.47,1.49
,,,,3.15,0.20,,,Census Tract 123; Boulder County; Colorado,1400000US08013012300,0.21,3.13,2.02,2.01
,,,,0.38,0.39,,,Census Tract 124.01; Boulder County; Colorado,1400000US08013012401,0.44,2.09,3.18,3.38
,,,,0.36,0.25,,,Census Tract 125.01; Boulder County; Colorado,1400000US08013012501,0.25,2.48,2.15,1.77
,,,,0.17,0.16,,,Census Tract 125.05; Boulder County; Colorado,1400000US08013012505,0.42,2.57,2.49,2.31
,,,,0.27,0.17,,,Census Tract 125.07; Boulder County; Colorado,1400000US08013012507,0.23,2.39,2.19,2.07
,,,,0.25,0.18,,,Census Tract 125.08; Boulder County; Colorado,1400000US08013012508,0.29,2.15,2.21,2.24
,,,,0.24,0.20,,,Census Tract 125.09; Boulder County; Colorado,1400000US08013012509,0.49,2.78,2.80,2.86
,,,,0.14,0.13,,,Census Tract 125.10; Boulder County; Colorado,1400000US08013012510,0.29,2.06,2.08,2.16
,,,,0.31,0.17,,,Census Tract 125.11; Boulder County; Colorado,1400000US08013012511,0.16,1.99,1.80,1.59
,,,,0.25,0.16,,,Census Tract 126.03; Boulder County; Colorado,1400000US08013012603,0.21,2.57,2.32,1.81
,,,,0.26,0.33,,,Census Tract 126.05; Boulder County; Colorado,1400000US08013012605,0.38,1.68,2.26,2.33
,,,,0.27,0.18,,,Census Tract 126.08; Boulder County; Colorado,1400000US08013012608,0.26,2.30,2.24,2.17
,,,,0.27,0.21,,,Census Tract 126.09; Boulder County; Colorado,1400000US08013012609,0.25,1.57,1.74,1.78
,-,,,-222222222.00,0.20,**,,Census Tract 126.10; Boulder County; Colorado,1400000US08013012610,0.21,-666666666.00,1.78,1.81
,,,,0.19,0.15,,,Census Tract 127.01; Boulder County; Colorado,1400000US08013012701,0.19,2.25,2.16,1.76
,,,,0.16,0.13,,,Census Tract 127.05; Boulder County; Colorado,1400000US08013012705,0.20,1.75,1.78,1.79
,,,,0.44,0.38,,,Census Tract 127.07; Boulder County; Colorado,1400000US08013012707,0.88,2.85,2.73,2.01
,,,,0.13,0.11,,,Census Tract 127.08; Boulder County; Colorado,1400000US08013012708,0.37,2.08,2.06,1.97
,,,,0.26,0.21,,,Census Tract 127.09; Boulder County; Colorado,1400000US08013012709,0.37,2.67,2.51,1.86
,,,,0.17,0.16,,,Census Tract 127.10; Boulder County; Colorado,1400000US08013012710,0.38,2.51,2.37,1.83
,,,,0.17,0.17,,,Census Tract 128.01; Boulder County; Colorado,1400000US08013012801,0.56,2.82,2.78,2.61
,,,,0.22,0.20,,,Census Tract 128.02; Boulder County; Colorado,1400000US08013012802,0.47,2.99,2.93,2.57
,,,,0.19,0.17,,,Census Tract 129.03; Boulder County; Colorado,1400000US08013012903,0.41,2.31,2.30,2.25
,,,,0.35,0.27,,,Census Tract 129.04; Boulder County; Colorado,1400000US08013012904,0.48,2.44,2.37,2.13
,,,,0.33,0.27,,,Census Tract 129.05; Boulder County; Colorado,1400000US08013012905,0.29,2.46,2.06,1.73
,,,,0.20,0.15,,,Census Tract 129.07; Boulder County; Colorado,1400000US08013012907,0.20,2.56,2.37,1.99
,,,,0.17,0.14,,,Census Tract 130.03; Boulder County; Colorado,1400000US08013013003,0.26,2.57,2.39,1.92
,,,,0.41,0.40,,,Census Tract 130.04; Boulder County; Colorado,1400000US08013013004,0.46,3.39,3.25,2.16
,,,,0.22,0.19,,,Census Tract 130.05; Boulder County; Colorado,1400000US08013013005,0.42,2.66,2.38,1.81
,,,,0.26,0.20,,,Census Tract 130.06; Boulder County; Colorado,1400000US08013013006,0.45,2.87,2.86,2.79
,,,,0.21,0.17,,,Census Tract 132.01; Boulder County; Colorado,1400000US08013013201,0.37,2.20,2.12,1.99
,,,,0.26,0.33,,,Census Tract 132.02; Boulder County; Colorado,1400000US08013013202,1.09,2.53,2.73,3.94
,,,,0.16,0.18,,,Census Tract 132.05; Boulder County; Colorado,1400000US08013013205,0.16,2.58,2.34,1.15
,,,,0.17,0.13,,,Census Tract 132.07; Boulder County; Colorado,1400000US08013013207,0.24,2.34,2.17,1.86
,,,,0.31,0.22,,,Census Tract 132.08; Boulder County; Colorado,1400000US08013013208,0.37,2.44,2.39,2.26
,,,,0.24,0.21,,,Census Tract 132.10; Boulder County; Colorado,1400000US08013013210,0.59,2.61,2.57,2.49
,,,,0.29,0.25,,,Census Tract 132.11; Boulder County; Colorado,1400000US08013013211,0.38,2.65,2.50,1.89
,,,,0.17,0.13,,,Census Tract 132.12; Boulder County; Colorado,1400000US08013013212,0.23,2.30,2.11,1.79
,,,,0.27,0.21,,,Census Tract 132.14; Boulder County; Colorado,1400000US08013013214,0.33,2.85,2.55,2.21
,,,,0.32,0.22,,,Census Tract 132.15; Boulder County; Colorado,1400000US08013013215,0.31,2.56,2.30,2.07
,,,,0.30,0.18,,,Census Tract 133.02; Boulder County; Colorado,1400000US08013013302,0.19,2.01,1.88,1.70
,,,,0.43,0.29,,,Census Tract 133.05; Boulder County; Colorado,1400000US08013013305,0.47,3.16,2.78,1.99
,,,,0.43,0.31,,,Census Tract 133.06; Boulder County; Colorado,1400000US08013013306,0.51,2.62,2.41,1.95
,,,,0.20,0.18,,,Census Tract 133.07; Boulder County; Colorado,1400000US08013013307,0.39,2.42,2.28,2.05
,,,,0.12,0.18,,,Census Tract 133.08; Boulder County; Colorado,1400000US08013013308,0.48,1.76,2.00,2.40
,,,,0.34,0.15,,,Census Tract 134.01; Boulder County; Colorado,1400000US08013013401,0.20,2.55,1.92,1.67
,,,,0.20,0.17,,,Census Tract 134.02; Boulder County; Colorado,1400000US08013013402,0.54,2.28,2.36,2.63
,,,,0.25,0.26,,,Census Tract 135.03; Boulder County; Colorado,1400000US08013013503,0.55,2.47,2.61,2.77
,,,,0.50,0.26,,,Census Tract 135.05; Boulder County; Colorado,1400000US08013013505,0.37,2.77,2.40,2.14
,,,,0.15,0.14,,,Census Tract 135.06; Boulder County; Colorado,1400000US08013013506,0.50,2.32,2.39,2.77
,,,,0.31,0.34,,,Census Tract 135.07; Boulder County; Colorado,1400000US08013013507,0.75,2.24,2.50,3.26
,,,,0.16,0.18,,,Census Tract 135.08; Boulder County; Colorado,1400000US08013013508,0.58,2.41,2.42,2.48
,,,,0.23,0.21,,,Census Tract 136.01; Boulder County; Colorado,1400000US08013013601,0.41,2.56,2.41,1.54
,,,,0.38,0.37,,,Census Tract 136.02; Boulder County; Colorado,1400000US08013013602,0.72,2.14,2.07,1.62
,,,,0.15,0.15,,,Census Tract 137.03; Boulder County; Colorado,1400000US08013013703,0.36,2.02,1.92,1.20
,,,,0.20,0.16,,,Census Tract 137.04; Boulder County; Colorado,1400000US08013013704,0.52,2.14,2.11,1.99
,,,,0.25,0.20,,,Census Tract 137.05; Boulder County; Colorado,1400000US08013013705,0.28,2.32,2.11,1.80
,,,,0.21,0.18,,,Census Tract 137.06; Boulder County; Colorado,1400000US08013013706,0.55,2.18,2.20,2.34
,,,,0.40,0.22,,,Census Tract 606.01; Boulder County; Colorado,1400000US08013060601,0.23,2.98,2.32,1.94
,,,,0.30,0.37,,,Census Tract 606.02; Boulder County; Colorado,1400000US08013060602,1.59,1.78,2.00,3.13
,,,,0.18,0.14,,,Census Tract 607; Boulder County; Colorado,1400000US08013060700,0.28,2.34,2.24,1.79
,,,,0.30,0.23,,,Census Tract 608.01; Boulder County; Colorado,1400000US08013060801,0.29,2.51,2.12,1.88
,,,,0.44,0.31,,,Census Tract 608.02; Boulder County; Colorado,1400000US08013060802,0.44,2.49,2.63,2.77
,,,,0.25,0.21,,,Census Tract 609; Boulder County; Colorado,1400000US08013060900,0.33,2.64,2.42,1.70
,,,,0.21,0.19,,,Census Tract 613; Boulder County; Colorado,1400000US08013061300,0.63,3.18,3.23,3.54
,,,,0.24,0.23,,,Census Tract 614; Boulder County; Colorado,1400000US08013061400,0.52,2.93,2.84,2.51
