file,url,publisher,series,geography,years,retrieved_utc,md5,notes,bytes
boulder_county_public_health_cha_2023.pdf,https://assets.bouldercounty.gov/wp-content/uploads/2024/03/bcph-cha-2023.pdf,Boulder County Public Health,"Community Health Assessment Data, June 2023",Boulder County and municipalities,2023,2026-09-04T02:27:51Z,9acaf1d5b9f94bb52b2f2185a45e051c,Checked for sub-county births: contains NO birth counts (zero matches for 'birth'). Retained as evidence of the search. Text sibling via pdfplumber,1409275
boulder_county_public_health_cha_2023.txt,https://assets.bouldercounty.gov/wp-content/uploads/2024/03/bcph-cha-2023.pdf,Boulder County Public Health,pdfplumber text extraction of boulder_county_public_health_cha_2023.pdf,Boulder County and municipalities,2023,2026-09-04T02:27:56Z,9d990655e9113027823a9a9d8ee90070,Derived by this session (pdfplumber extract_text; page markers '--- page N ---'),98377
bvsd_news_2024_enrollment_drop_less_than_expected_dashboard_births.html,https://www.bvsd.org/about/news/news-article/~board/district-news/post/enrollment-numbers-drop-less-than-expected-in-2024-but-more-schools-move-into-low-enrollment-advisory-status,Boulder Valley School District,"District news article describing the BVSD Enrollment Dashboard, which includes 'the number of births in the district' by region",BVSD,2024,2026-09-04T02:32:34Z,c782db16d54b93166b9781ea50330ed7,Dashboard: https://public.tableau.com/app/profile/bvsd/viz/BVSDEnrollmentDashboard/WelcomeBienvenidos (Tableau Public reports allowDataAccess=false; data not downloadable programmatically). Text sibling extracted from HTML,226733
bvsd_news_2024_enrollment_drop_less_than_expected_dashboard_births.txt,https://www.bvsd.org/about/news/news-article/~board/district-news/post/enrollment-numbers-drop-less-than-expected-in-2024-but-more-schools-move-into-low-enrollment-advisory-status,Boulder Valley School District,Plain-text extraction of bvsd_news_2024_enrollment_drop_less_than_expected_dashboard_births.html,BVSD,2024,2026-09-04T02:32:34Z,0c0a2a0578695e272b156c54e76ddbb6,Derived by this session (tags stripped),45626
bvsd_news_enrollment_drops_more_than_expected_kindergarten_93pct_of_births.html,https://www.bvsd.org/about/news/news-article/~board/district-news/post/enrollment-drops-more-than-expected-board-expresses-desire-to-take-action-to-respond,Boulder Valley School District,"District news article stating kindergarten entrants were 93% of births five years prior for the second year running, and that births in Boulder 'seem to be leveling after a steep decline until 2019'",BVSD,fall 2024 October count (article undated in HTML),2026-09-04T02:32:33Z,9a8f6da3a9f50d22b10f534e5ea2529f,Item 4: BVSD's own births-to-kindergarten ratio. Text sibling extracted from HTML,220060
bvsd_news_enrollment_drops_more_than_expected_kindergarten_93pct_of_births.txt,https://www.bvsd.org/about/news/news-article/~board/district-news/post/enrollment-drops-more-than-expected-board-expresses-desire-to-take-action-to-respond,Boulder Valley School District,Plain-text extraction of bvsd_news_enrollment_drops_more_than_expected_kindergarten_93pct_of_births.html,BVSD,fall 2024 October count (article undated in HTML),2026-09-04T02:32:33Z,b7dc5c210a2ae7eccf934c6917fe8bac,Derived by this session (tags stripped),43470
casb_2025_state_demographer_school_age_population.pdf,https://www.casb.org/docs/default-source/presentations/fall-conference/2025/state-demographer.pdf?sfvrsn=439b817c_1,Colorado State Demography Office (deck presented at CASB Fall Conference 2025),"Slide deck on Colorado's school-age population: births falling / deaths rising, birth rates, births per woman, school-age forecasts",Colorado statewide and regional,"historical through 2024, forecasts to 2050",2026-09-04T02:24:37Z,c7172325480bf04750e50f50b3132851,Item 4 (kindergarten-relevant): SDO publication linking births to school-age population. Text sibling via pdfplumber,1664348
casb_2025_state_demographer_school_age_population.txt,https://www.casb.org/docs/default-source/presentations/fall-conference/2025/state-demographer.pdf?sfvrsn=439b817c_1,Colorado State Demography Office (deck presented at CASB Fall Conference 2025),pdfplumber text extraction of casb_2025_state_demographer_school_age_population.pdf,Colorado statewide and regional,"historical through 2024, forecasts to 2050",2026-09-04T02:24:37Z,80ff2d5ea4ec0748eb6658100f0bdd08,Derived by this session (pdfplumber extract_text; page markers '--- page N ---'),8135
cdphe_live_births_by_birth_order_maternal_demographics.xlsx,https://docs.google.com/spreadsheets/d/1mg9Bpfkg3fMKxp9W2RNfLcnCKCwe2NNZ/export?format=xlsx,"Colorado Dept. of Public Health & Environment, Vital Statistics Program","Live births by birth order and selected maternal characteristics, Colorado residents 2025",Colorado statewide,2025,2026-09-04T02:27:32Z,c8401e8f76c8483237dabf6167f3ba21,Linked from the Vital Statistics Program page; statewide only,15938
cdphe_live_births_fertility_rates_by_maternal_race_ethnicity.xlsx,https://docs.google.com/spreadsheets/d/13DG0ZV7iykbhqBK_BWV439JRitmO7I38/export?format=xlsx,"Colorado Dept. of Public Health & Environment, Vital Statistics Program","Female population, live births, and fertility rates by age group and race/ethnicity of mother, Colorado residents 2025",Colorado statewide,2025,2026-09-04T02:27:31Z,150a3e5c6da17c74566ea7cf4e81e0c0,Linked from the Vital Statistics Program page; statewide only,13092
cdphe_vital_statistics_boulder_county_summary_report_2025.xlsx,https://drive.google.com/uc?export=download&id=1OAjLHkdkUFHXkBFooNGPD3ELT2QFUrUv,"Colorado Dept. of Public Health & Environment, Vital Statistics Program","'Boulder County Summary Report, 2025': T1-T5 birth characteristics / maternal age / race / poverty / fertility rates for 2025; T6 vital statistics summary with Total Births for 2015, 2021, 2022, 2023, 2024, 2025 (calendar-year, county residents); T7-T11 deaths",Boulder County residents,"2015, 2021-2025",2026-09-04T02:29:12Z,e5c626a6b3f9f939257e4e30ad1d3650,"From the CDPHE 'State and county birth and death summary tables' Google Drive folder (id 1dpS9IQJVXvW1bDnOvpDPlQ__fIewhg-X) linked from the Vital Statistics Program page. Only the 2025 edition is in the folder; older annual county PDFs live on cohealthdata.dphe.state.co.us, which did not resolve from this network",40776
cdphe_vital_statistics_colorado_summary_report_2025.xlsx,https://drive.google.com/uc?export=download&id=1bFxWluLomzIlhsa8bhwzmuB6J-PjvwnQ,"Colorado Dept. of Public Health & Environment, Vital Statistics Program","'Colorado Summary Report, 2025': statewide version of the county summary tables",Colorado residents,"2015, 2021-2025",2026-09-04T02:29:14Z,644fadef42e664d948ad634e8d8a8f80,Same Drive folder as the Boulder file,42491
census_acs5_2020_2024_blockgroup_boulder_county_B01001_sex_by_age.csv,https://data.census.gov/api/access/data/table?id=ACSDT5Y2024.B01001&g=050XX00US08013$1500000,"U.S. Census Bureau (data.census.gov table API, no key required)",ACSDT5Y2024.B01001: ACS 5-year table B01001; same response as CSV (rows verbatim),"All 228 block groups in Boulder County, CO",ACS 2020-2024,2026-09-04T02:29:46Z,9c01168c3de1c3cde4d5f8823622ec4c,Retrieved 2026-09-04T02:29:46Z; 228 rows x 198 cols. Sub-county age structure for the attendance-area overlay (2010 tract rows use 2010 tract geography),109446
census_acs5_2020_2024_blockgroup_boulder_county_B01001_sex_by_age.json,https://data.census.gov/api/access/data/table?id=ACSDT5Y2024.B01001&g=050XX00US08013$1500000,"U.S. Census Bureau (data.census.gov table API, no key required)",ACSDT5Y2024.B01001: ACS 5-year table B01001; raw JSON response,"All 228 block groups in Boulder County, CO",ACS 2020-2024,2026-09-04T02:29:46Z,70628758404752dfcaa0d3a01c257884,Retrieved 2026-09-04T02:29:46Z; 228 rows x 198 cols. Sub-county age structure for the attendance-area overlay (2010 tract rows use 2010 tract geography),290647
census_acs5_2020_2024_place_boulder_city_B01001_sex_by_age.csv,https://data.census.gov/api/access/data/table?id=ACSDT5Y2024.B01001&g=160XX00US0807850,"U.S. Census Bureau (data.census.gov table API, no key required)",ACSDT5Y2024.B01001: ACS 5-year table B01001; same response as CSV (rows verbatim),"Boulder city, CO (place 0807850)",ACS 2020-2024,2026-09-04T02:29:48Z,fc588ae3414506214cdc75db40bc3f49,Retrieved 2026-09-04T02:29:48Z; 1 rows x 198 cols. Sub-county age structure for the attendance-area overlay (2010 tract rows use 2010 tract geography),3041
census_acs5_2020_2024_place_boulder_city_B01001_sex_by_age.json,https://data.census.gov/api/access/data/table?id=ACSDT5Y2024.B01001&g=160XX00US0807850,"U.S. Census Bureau (data.census.gov table API, no key required)",ACSDT5Y2024.B01001: ACS 5-year table B01001; raw JSON response,"Boulder city, CO (place 0807850)",ACS 2020-2024,2026-09-04T02:29:48Z,5376cc25db84c7beed2d5a03e23b3fe9,Retrieved 2026-09-04T02:29:48Z; 1 rows x 198 cols. Sub-county age structure for the attendance-area overlay (2010 tract rows use 2010 tract geography),4669
census_acs5_2020_2024_place_boulder_city_B01002_median_age.csv,https://data.census.gov/api/access/data/table?id=ACSDT5Y2024.B01002&g=160XX00US0807850,"U.S. Census Bureau (data.census.gov table API, no key required)",ACSDT5Y2024.B01002: ACS 5-year table B01002; same response as CSV (rows verbatim),"Boulder city, CO (place 0807850)",ACS 2020-2024,2026-09-04T02:29:50Z,0d5780e29d486a11f0c62f1ef1d82568,Retrieved 2026-09-04T02:29:50Z; 1 rows x 14 cols. Sub-county age structure for the attendance-area overlay (2010 tract rows use 2010 tract geography),239
census_acs5_2020_2024_place_boulder_city_B01002_median_age.json,https://data.census.gov/api/access/data/table?id=ACSDT5Y2024.B01002&g=160XX00US0807850,"U.S. Census Bureau (data.census.gov table API, no key required)",ACSDT5Y2024.B01002: ACS 5-year table B01002; raw JSON response,"Boulder city, CO (place 0807850)",ACS 2020-2024,2026-09-04T02:29:50Z,2a66f45e484bfd21aedce6ec4adef0b8,Retrieved 2026-09-04T02:29:50Z; 1 rows x 14 cols. Sub-county age structure for the attendance-area overlay (2010 tract rows use 2010 tract geography),579
census_acs5_2020_2024_place_boulder_city_B11005_households_with_under18.csv,https://data.census.gov/api/access/data/table?id=ACSDT5Y2024.B11005&g=160XX00US0807850,"U.S. Census Bureau (data.census.gov table API, no key required)",ACSDT5Y2024.B11005: ACS 5-year table B11005; same response as CSV (rows verbatim),"Boulder city, CO (place 0807850)",ACS 2020-2024,2026-09-04T02:29:54Z,101f02190d942a0f1c5e0d5ebd7b7101,Retrieved 2026-09-04T02:29:54Z; 1 rows x 78 cols. Sub-county age structure for the attendance-area overlay (2010 tract rows use 2010 tract geography),1214
census_acs5_2020_2024_place_boulder_city_B11005_households_with_under18.json,https://data.census.gov/api/access/data/table?id=ACSDT5Y2024.B11005&g=160XX00US0807850,"U.S. Census Bureau (data.census.gov table API, no key required)",ACSDT5Y2024.B11005: ACS 5-year table B11005; raw JSON response,"Boulder city, CO (place 0807850)",ACS 2020-2024,2026-09-04T02:29:54Z,061d96c2c01d7f3a5fc1e846f127dada,Retrieved 2026-09-04T02:29:54Z; 1 rows x 78 cols. Sub-county age structure for the attendance-area overlay (2010 tract rows use 2010 tract geography),2002
census_acs5_2020_2024_place_boulder_city_B25003_tenure.csv,https://data.census.gov/api/access/data/table?id=ACSDT5Y2024.B25003&g=160XX00US0807850,"U.S. Census Bureau (data.census.gov table API, no key required)",ACSDT5Y2024.B25003: ACS 5-year table B25003; same response as CSV (rows verbatim),"Boulder city, CO (place 0807850)",ACS 2020-2024,2026-09-04T02:29:57Z,dedd3238715221482e51f6e9bb9725cb,Retrieved 2026-09-04T02:29:57Z; 1 rows x 14 cols. Sub-county age structure for the attendance-area overlay (2010 tract rows use 2010 tract geography),242
census_acs5_2020_2024_place_boulder_city_B25003_tenure.json,https://data.census.gov/api/access/data/table?id=ACSDT5Y2024.B25003&g=160XX00US0807850,"U.S. Census Bureau (data.census.gov table API, no key required)",ACSDT5Y2024.B25003: ACS 5-year table B25003; raw JSON response,"Boulder city, CO (place 0807850)",ACS 2020-2024,2026-09-04T02:29:57Z,638d48da04a916b063edcae42a3aa685,Retrieved 2026-09-04T02:29:57Z; 1 rows x 14 cols. Sub-county age structure for the attendance-area overlay (2010 tract rows use 2010 tract geography),582
census_acs5_2020_2024_tract_boulder_county_B01001_sex_by_age.csv,https://data.census.gov/api/access/data/table?id=ACSDT5Y2024.B01001&g=050XX00US08013$1400000,"U.S. Census Bureau (data.census.gov table API, no key required)","ACS 2020-2024 5-year table B01001 (sex_by_age): estimates (E) and margins of error (M) with annotation columns; same response written as CSV (rows verbatim, header row = variable codes)","All 78 census tracts in Boulder County, CO",ACS 2020-2024,2026-09-04T02:26:07Z,08826cadbfd39454bccc351e403bfe5e,Retrieved 2026-09-04T02:26:07Z; 78 tract rows x 198 cols. Attendance-area overlay to be done later with data/raw/enrollmentdata/BVSD_Attendance_Areas.geojson (tract geometry in sdo_bucket_ACS2024_tract.zip),40311
census_acs5_2020_2024_tract_boulder_county_B01001_sex_by_age.json,https://data.census.gov/api/access/data/table?id=ACSDT5Y2024.B01001&g=050XX00US08013$1400000,"U.S. Census Bureau (data.census.gov table API, no key required)",ACS 2020-2024 5-year table B01001 (sex_by_age): estimates (E) and margins of error (M) with annotation columns; raw JSON response,"All 78 census tracts in Boulder County, CO",ACS 2020-2024,2026-09-04T02:26:07Z,bac7939afd9c8e9fb2026174b74dafde,Retrieved 2026-09-04T02:26:07Z; 78 tract rows x 198 cols. Attendance-area overlay to be done later with data/raw/enrollmentdata/BVSD_Attendance_Areas.geojson (tract geometry in sdo_bucket_ACS2024_tract.zip),102862
census_acs5_2020_2024_tract_boulder_county_B01002_median_age_by_sex.csv,https://data.census.gov/api/access/data/table?id=ACSDT5Y2024.B01002&g=050XX00US08013$1400000,"U.S. Census Bureau (data.census.gov table API, no key required)","ACS 2020-2024 5-year table B01002 (median_age_by_sex): estimates (E) and margins of error (M) with annotation columns; same response written as CSV (rows verbatim, header row = variable codes)","All 78 census tracts in Boulder County, CO",ACS 2020-2024,2026-09-04T02:26:08Z,4e062c51abcac9e427724bb55d9b6b52,Retrieved 2026-09-04T02:26:08Z; 78 tract rows x 14 cols. Attendance-area overlay to be done later with data/raw/enrollmentdata/BVSD_Attendance_Areas.geojson (tract geometry in sdo_bucket_ACS2024_tract.zip),8037
census_acs5_2020_2024_tract_boulder_county_B01002_median_age_by_sex.json,https://data.census.gov/api/access/data/table?id=ACSDT5Y2024.B01002&g=050XX00US08013$1400000,"U.S. Census Bureau (data.census.gov table API, no key required)",ACS 2020-2024 5-year table B01002 (median_age_by_sex): estimates (E) and margins of error (M) with annotation columns; raw JSON response,"All 78 census tracts in Boulder County, CO",ACS 2020-2024,2026-09-04T02:26:08Z,472990c629c13648f00fe6a7c91446bf,Retrieved 2026-09-04T02:26:08Z; 78 tract rows x 14 cols. Attendance-area overlay to be done later with data/raw/enrollmentdata/BVSD_Attendance_Areas.geojson (tract geometry in sdo_bucket_ACS2024_tract.zip),12628
census_acs5_2020_2024_tract_boulder_county_B09001_population_under_18_by_age.csv,https://data.census.gov/api/access/data/table?id=ACSDT5Y2024.B09001&g=050XX00US08013$1400000,"U.S. Census Bureau (data.census.gov table API, no key required)","ACS 2020-2024 5-year table B09001 (population_under_18_by_age): estimates (E) and margins of error (M) with annotation columns; same response written as CSV (rows verbatim, header row = variable codes)","All 78 census tracts in Boulder County, CO",ACS 2020-2024,2026-09-04T02:26:12Z,ed32da9a6421aca4567565f087c367c4,Retrieved 2026-09-04T02:26:12Z; 78 tract rows x 42 cols. Attendance-area overlay to be done later with data/raw/enrollmentdata/BVSD_Attendance_Areas.geojson (tract geometry in sdo_bucket_ACS2024_tract.zip),12556
census_acs5_2020_2024_tract_boulder_county_B09001_population_under_18_by_age.json,https://data.census.gov/api/access/data/table?id=ACSDT5Y2024.B09001&g=050XX00US08013$1400000,"U.S. Census Bureau (data.census.gov table API, no key required)",ACS 2020-2024 5-year table B09001 (population_under_18_by_age): estimates (E) and margins of error (M) with annotation columns; raw JSON response,"All 78 census tracts in Boulder County, CO",ACS 2020-2024,2026-09-04T02:26:12Z,c31b8fc5307ed490f1fa9ce65f06a102,Retrieved 2026-09-04T02:26:12Z; 78 tract rows x 42 cols. Attendance-area overlay to be done later with data/raw/enrollmentdata/BVSD_Attendance_Areas.geojson (tract geometry in sdo_bucket_ACS2024_tract.zip),25967
census_acs5_2020_2024_tract_boulder_county_B11003_family_type_by_presence_of_own_children_under_18.csv,https://data.census.gov/api/access/data/table?id=ACSDT5Y2024.B11003&g=050XX00US08013$1400000,"U.S. Census Bureau (data.census.gov table API, no key required)","ACS 2020-2024 5-year table B11003 (family_type_by_presence_of_own_children_under_18): estimates (E) and margins of error (M) with annotation columns; same response written as CSV (rows verbatim, header row = variable codes)","All 78 census tracts in Boulder County, CO",ACS 2020-2024,2026-09-04T02:26:16Z,7f610a3fb284eb0a756f594d4c80b0b3,Retrieved 2026-09-04T02:26:16Z; 78 tract rows x 82 cols. Attendance-area overlay to be done later with data/raw/enrollmentdata/BVSD_Attendance_Areas.geojson (tract geometry in sdo_bucket_ACS2024_tract.zip),19290
census_acs5_2020_2024_tract_boulder_county_B11003_family_type_by_presence_of_own_children_under_18.json,https://data.census.gov/api/access/data/table?id=ACSDT5Y2024.B11003&g=050XX00US08013$1400000,"U.S. Census Bureau (data.census.gov table API, no key required)",ACS 2020-2024 5-year table B11003 (family_type_by_presence_of_own_children_under_18): estimates (E) and margins of error (M) with annotation columns; raw JSON response,"All 78 census tracts in Boulder County, CO",ACS 2020-2024,2026-09-04T02:26:16Z,84f2b66407a9cdda32c1c50d2b4980e9,Retrieved 2026-09-04T02:26:16Z; 78 tract rows x 82 cols. Attendance-area overlay to be done later with data/raw/enrollmentdata/BVSD_Attendance_Areas.geojson (tract geometry in sdo_bucket_ACS2024_tract.zip),45301
census_acs5_2020_2024_tract_boulder_county_B11005_households_by_presence_of_people_under_18.csv,https://data.census.gov/api/access/data/table?id=ACSDT5Y2024.B11005&g=050XX00US08013$1400000,"U.S. Census Bureau (data.census.gov table API, no key required)","ACS 2020-2024 5-year table B11005 (households_by_presence_of_people_under_18): estimates (E) and margins of error (M) with annotation columns; same response written as CSV (rows verbatim, header row = variable codes)","All 78 census tracts in Boulder County, CO",ACS 2020-2024,2026-09-04T02:26:14Z,8b08245606b5a1442507f36f40808fba,Retrieved 2026-09-04T02:26:14Z; 78 tract rows x 78 cols. Attendance-area overlay to be done later with data/raw/enrollmentdata/BVSD_Attendance_Areas.geojson (tract geometry in sdo_bucket_ACS2024_tract.zip),19364
census_acs5_2020_2024_tract_boulder_county_B11005_households_by_presence_of_people_under_18.json,https://data.census.gov/api/access/data/table?id=ACSDT5Y2024.B11005&g=050XX00US08013$1400000,"U.S. Census Bureau (data.census.gov table API, no key required)",ACS 2020-2024 5-year table B11005 (households_by_presence_of_people_under_18): estimates (E) and margins of error (M) with annotation columns; raw JSON response,"All 78 census tracts in Boulder County, CO",ACS 2020-2024,2026-09-04T02:26:14Z,89abd16aab03b19243515177c80b66b2,Retrieved 2026-09-04T02:26:14Z; 78 tract rows x 78 cols. Attendance-area overlay to be done later with data/raw/enrollmentdata/BVSD_Attendance_Areas.geojson (tract geometry in sdo_bucket_ACS2024_tract.zip),44115
census_acs5_2020_2024_tract_boulder_county_B19013_median_household_income.csv,https://data.census.gov/api/access/data/table?id=ACSDT5Y2024.B19013&g=050XX00US08013$1400000,"U.S. Census Bureau (data.census.gov table API, no key required)","ACS 2020-2024 5-year table B19013 (median_household_income): estimates (E) and margins of error (M) with annotation columns; same response written as CSV (rows verbatim, header row = variable codes)","All 78 census tracts in Boulder County, CO",ACS 2020-2024,2026-09-04T02:26:22Z,343d3e3701232fd2d434d850f860bcf0,Retrieved 2026-09-04T02:26:22Z; 78 tract rows x 6 cols. Attendance-area overlay to be done later with data/raw/enrollmentdata/BVSD_Attendance_Areas.geojson (tract geometry in sdo_bucket_ACS2024_tract.zip),6477
census_acs5_2020_2024_tract_boulder_county_B19013_median_household_income.json,https://data.census.gov/api/access/data/table?id=ACSDT5Y2024.B19013&g=050XX00US08013$1400000,"U.S. Census Bureau (data.census.gov table API, no key required)",ACS 2020-2024 5-year table B19013 (median_household_income): estimates (E) and margins of error (M) with annotation columns; raw JSON response,"All 78 census tracts in Boulder County, CO",ACS 2020-2024,2026-09-04T02:26:22Z,6e1bd5e859fd3bbab73a03ef68e04dfa,Retrieved 2026-09-04T02:26:22Z; 78 tract rows x 6 cols. Attendance-area overlay to be done later with data/raw/enrollmentdata/BVSD_Attendance_Areas.geojson (tract geometry in sdo_bucket_ACS2024_tract.zip),8548
census_acs5_2020_2024_tract_boulder_county_B25003_tenure.csv,https://data.census.gov/api/access/data/table?id=ACSDT5Y2024.B25003&g=050XX00US08013$1400000,"U.S. Census Bureau (data.census.gov table API, no key required)","ACS 2020-2024 5-year table B25003 (tenure): estimates (E) and margins of error (M) with annotation columns; same response written as CSV (rows verbatim, header row = variable codes)","All 78 census tracts in Boulder County, CO",ACS 2020-2024,2026-09-04T02:26:18Z,1046c8be5c9f9e725dc3a8d3f56fc449,Retrieved 2026-09-04T02:26:18Z; 78 tract rows x 14 cols. Attendance-area overlay to be done later with data/raw/enrollmentdata/BVSD_Attendance_Areas.geojson (tract geometry in sdo_bucket_ACS2024_tract.zip),7868
census_acs5_2020_2024_tract_boulder_county_B25003_tenure.json,https://data.census.gov/api/access/data/table?id=ACSDT5Y2024.B25003&g=050XX00US08013$1400000,"U.S. Census Bureau (data.census.gov table API, no key required)",ACS 2020-2024 5-year table B25003 (tenure): estimates (E) and margins of error (M) with annotation columns; raw JSON response,"All 78 census tracts in Boulder County, CO",ACS 2020-2024,2026-09-04T02:26:18Z,3904ea8bc6cd05deb6780d1d87abee58,Retrieved 2026-09-04T02:26:18Z; 78 tract rows x 14 cols. Attendance-area overlay to be done later with data/raw/enrollmentdata/BVSD_Attendance_Areas.geojson (tract geometry in sdo_bucket_ACS2024_tract.zip),12459
census_acs5_2020_2024_tract_boulder_county_B25008_total_population_in_occupied_housing_units_by_tenure.csv,https://data.census.gov/api/access/data/table?id=ACSDT5Y2024.B25008&g=050XX00US08013$1400000,"U.S. Census Bureau (data.census.gov table API, no key required)","ACS 2020-2024 5-year table B25008 (total_population_in_occupied_housing_units_by_tenure): estimates (E) and margins of error (M) with annotation columns; same response written as CSV (rows verbatim, header row = variable codes)","All 78 census tracts in Boulder County, CO",ACS 2020-2024,2026-09-04T02:26:20Z,5897cc73914da06da364614a603b2600,Retrieved 2026-09-04T02:26:20Z; 78 tract rows x 14 cols. Attendance-area overlay to be done later with data/raw/enrollmentdata/BVSD_Attendance_Areas.geojson (tract geometry in sdo_bucket_ACS2024_tract.zip),7983
census_acs5_2020_2024_tract_boulder_county_B25008_total_population_in_occupied_housing_units_by_tenure.json,https://data.census.gov/api/access/data/table?id=ACSDT5Y2024.B25008&g=050XX00US08013$1400000,"U.S. Census Bureau (data.census.gov table API, no key required)",ACS 2020-2024 5-year table B25008 (total_population_in_occupied_housing_units_by_tenure): estimates (E) and margins of error (M) with annotation columns; raw JSON response,"All 78 census tracts in Boulder County, CO",ACS 2020-2024,2026-09-04T02:26:20Z,0978ebe763305cfed9aedacf73c3932b,Retrieved 2026-09-04T02:26:20Z; 78 tract rows x 14 cols. Attendance-area overlay to be done later with data/raw/enrollmentdata/BVSD_Attendance_Areas.geojson (tract geometry in sdo_bucket_ACS2024_tract.zip),12574
census_acs5_2020_2024_tract_boulder_county_B25010_average_household_size_by_tenure.csv,https://data.census.gov/api/access/data/table?id=ACSDT5Y2024.B25010&g=050XX00US08013$1400000,"U.S. Census Bureau (data.census.gov table API, no key required)","ACS 2020-2024 5-year table B25010 (average_household_size_by_tenure): estimates (E) and margins of error (M) with annotation columns; same response written as CSV (rows verbatim, header row = variable codes)","All 78 census tracts in Boulder County, CO",ACS 2020-2024,2026-09-04T02:26:24Z,2de4a78c7c53b7a114252e0bb1d936b9,Retrieved 2026-09-04T02:26:24Z; 78 tract rows x 14 cols. Attendance-area overlay to be done later with data/raw/enrollmentdata/BVSD_Attendance_Areas.geojson (tract geometry in sdo_bucket_ACS2024_tract.zip),8281
census_acs5_2020_2024_tract_boulder_county_B25010_average_household_size_by_tenure.json,https://data.census.gov/api/access/data/table?id=ACSDT5Y2024.B25010&g=050XX00US08013$1400000,"U.S. Census Bureau (data.census.gov table API, no key required)",ACS 2020-2024 5-year table B25010 (average_household_size_by_tenure): estimates (E) and margins of error (M) with annotation columns; raw JSON response,"All 78 census tracts in Boulder County, CO",ACS 2020-2024,2026-09-04T02:26:24Z,6734d374a5ad05278bc65700120bd905,Retrieved 2026-09-04T02:26:24Z; 78 tract rows x 14 cols. Attendance-area overlay to be done later with data/raw/enrollmentdata/BVSD_Attendance_Areas.geojson (tract geometry in sdo_bucket_ACS2024_tract.zip),12868
census_acs5_2020_2024_tract_boulder_county_QUERY_URLS.csv,(see rows),"U.S. Census Bureau (data.census.gov table API, no key required)","Log of the exact data.census.gov API URLs, row/column counts and retrieval times for the tract-level ACS extracts",Boulder County tracts,ACS 2020-2024,2026-09-04T02:26:25Z,4312abfad2ba0539c6ee803f5ca0df81,Written by this session,1456
census_acs5_2024_variable_labels_B01001.json,https://api.census.gov/data/2024/acs/acs5/groups/B01001.json,U.S. Census Bureau,ACS 2024 5-year variable labels/definitions for table group B01001 (endpoint works without a key),n/a,ACS 2020-2024,2026-09-04T02:28:02Z,c6029d2432b8fdcb241adebf597e6f7c,Use to label the E/M columns in the data.census.gov extracts,251518
census_acs5_2024_variable_labels_B01002.json,https://api.census.gov/data/2024/acs/acs5/groups/B01002.json,U.S. Census Bureau,ACS 2024 5-year variable labels/definitions for table group B01002 (endpoint works without a key),n/a,ACS 2020-2024,2026-09-04T02:28:08Z,614c4d63f101b06e1c6e8a576500ba40,Use to label the E/M columns in the data.census.gov extracts,202206
census_acs5_2024_variable_labels_B09001.json,https://api.census.gov/data/2024/acs/acs5/groups/B09001.json,U.S. Census Bureau,ACS 2024 5-year variable labels/definitions for table group B09001 (endpoint works without a key),n/a,ACS 2020-2024,2026-09-04T02:28:08Z,9ddbe65d1c84cdd5333c8a9a6165f408,Use to label the E/M columns in the data.census.gov extracts,211058
census_acs5_2024_variable_labels_B11003.json,https://api.census.gov/data/2024/acs/acs5/groups/B11003.json,U.S. Census Bureau,ACS 2024 5-year variable labels/definitions for table group B11003 (endpoint works without a key),n/a,ACS 2020-2024,2026-09-04T02:28:09Z,f886baba4e0534591e0d9ffac67a09e4,Use to label the E/M columns in the data.census.gov extracts,229444
census_acs5_2024_variable_labels_B11005.json,https://api.census.gov/data/2024/acs/acs5/groups/B11005.json,U.S. Census Bureau,ACS 2024 5-year variable labels/definitions for table group B11005 (endpoint works without a key),n/a,ACS 2020-2024,2026-09-04T02:28:09Z,b28f52440cbcd99c3be5f5611f41846d,Use to label the E/M columns in the data.census.gov extracts,227590
census_acs5_2024_variable_labels_B19013.json,https://api.census.gov/data/2024/acs/acs5/groups/B19013.json,U.S. Census Bureau,ACS 2024 5-year variable labels/definitions for table group B19013 (endpoint works without a key),n/a,ACS 2020-2024,2026-09-04T02:28:11Z,336b7d8047b3cbdb730ad52c5f2ab863,Use to label the E/M columns in the data.census.gov extracts,200530
census_acs5_2024_variable_labels_B25003.json,https://api.census.gov/data/2024/acs/acs5/groups/B25003.json,U.S. Census Bureau,ACS 2024 5-year variable labels/definitions for table group B25003 (endpoint works without a key),n/a,ACS 2020-2024,2026-09-04T02:28:10Z,644ba832d2f7c0467fbccf5cd0e8a2de,Use to label the E/M columns in the data.census.gov extracts,202106
census_acs5_2024_variable_labels_B25008.json,https://api.census.gov/data/2024/acs/acs5/groups/B25008.json,U.S. Census Bureau,ACS 2024 5-year variable labels/definitions for table group B25008 (endpoint works without a key),n/a,ACS 2020-2024,2026-09-04T02:28:11Z,1fa3ca4f07fd686b0e4d2b77b4ba52fc,Use to label the E/M columns in the data.census.gov extracts,202938
census_acs5_2024_variable_labels_B25010.json,https://api.census.gov/data/2024/acs/acs5/groups/B25010.json,U.S. Census Bureau,ACS 2024 5-year variable labels/definitions for table group B25010 (endpoint works without a key),n/a,ACS 2020-2024,2026-09-04T02:28:12Z,275a5b71160bf5534c51b402793b60f8,Use to label the E/M columns in the data.census.gov extracts,203066
census_datacensusgov_subcounty_QUERY_URLS.csv,(see rows),"U.S. Census Bureau (data.census.gov table API, no key required)",Log of the exact data.census.gov API URLs for the DHC 2020 / SF1 2010 / place-level and block-group extracts,various,"2010, 2020, ACS 2020-2024",2026-09-04T02:30:31Z,fea134d29096797dffae908f3af8581b,Written by this session,2942
census_dhc2020_blockgroup_boulder_county_P12_sex_by_age.csv,https://data.census.gov/api/access/data/table?id=DECENNIALDHC2020.P12&g=050XX00US08013$1500000,"U.S. Census Bureau (data.census.gov table API, no key required)",DECENNIALDHC2020.P12: sex by age (P12); same response as CSV (rows verbatim),"All 228 block groups in Boulder County, CO",2020 Census (DHC),2026-09-04T02:29:42Z,c5a67a4670f772d918fd523c0c48c7c5,Retrieved 2026-09-04T02:29:42Z; 228 rows x 100 cols. Sub-county age structure for the attendance-area overlay (2010 tract rows use 2010 tract geography),63799
census_dhc2020_blockgroup_boulder_county_P12_sex_by_age.json,https://data.census.gov/api/access/data/table?id=DECENNIALDHC2020.P12&g=050XX00US08013$1500000,"U.S. Census Bureau (data.census.gov table API, no key required)",DECENNIALDHC2020.P12: sex by age (P12); raw JSON response,"All 228 block groups in Boulder County, CO",2020 Census (DHC),2026-09-04T02:29:42Z,26d8e15ded721e5d73abe123f273c1d7,Retrieved 2026-09-04T02:29:42Z; 228 rows x 100 cols. Sub-county age structure for the attendance-area overlay (2010 tract rows use 2010 tract geography),155324
census_dhc2020_blockgroup_boulder_county_P14_sex_by_single_year_age_under20.csv,https://data.census.gov/api/access/data/table?id=DECENNIALDHC2020.P14&g=050XX00US08013$1500000,"U.S. Census Bureau (data.census.gov table API, no key required)",DECENNIALDHC2020.P14: sex by single year of age for the population under 20 (P14); same response as CSV (rows verbatim),"All 228 block groups in Boulder County, CO",2020 Census (DHC),2026-09-04T02:29:39Z,c5c1d6c4efecd980bc7e83584f1e920d,Retrieved 2026-09-04T02:29:39Z; 228 rows x 88 cols. Sub-county age structure for the attendance-area overlay (2010 tract rows use 2010 tract geography),53336
census_dhc2020_blockgroup_boulder_county_P14_sex_by_single_year_age_under20.json,https://data.census.gov/api/access/data/table?id=DECENNIALDHC2020.P14&g=050XX00US08013$1500000,"U.S. Census Bureau (data.census.gov table API, no key required)",DECENNIALDHC2020.P14: sex by single year of age for the population under 20 (P14); raw JSON response,"All 228 block groups in Boulder County, CO",2020 Census (DHC),2026-09-04T02:29:39Z,bc9e3761124922ea06b8bcfd0af4f517,Retrieved 2026-09-04T02:29:39Z; 228 rows x 88 cols. Sub-county age structure for the attendance-area overlay (2010 tract rows use 2010 tract geography),133881
census_dhc2020_county_boulder_P14_sex_by_single_year_age_under20.csv,https://data.census.gov/api/access/data/table?id=DECENNIALDHC2020.P14&g=050XX00US08013,"U.S. Census Bureau (data.census.gov table API, no key required)",DECENNIALDHC2020.P14: sex by single year of age for the population under 20 (P14); same response as CSV (rows verbatim),"Boulder County, CO",2020 Census (DHC),2026-09-04T02:30:12Z,cfc51005b1e535c1dbb9480886aa064b,Retrieved 2026-09-04T02:30:12Z; 1 rows x 88 cols. Sub-county age structure for the attendance-area overlay (2010 tract rows use 2010 tract geography),1134
census_dhc2020_county_boulder_P14_sex_by_single_year_age_under20.json,https://data.census.gov/api/access/data/table?id=DECENNIALDHC2020.P14&g=050XX00US08013,"U.S. Census Bureau (data.census.gov table API, no key required)",DECENNIALDHC2020.P14: sex by single year of age for the population under 20 (P14); raw JSON response,"Boulder County, CO",2020 Census (DHC),2026-09-04T02:30:12Z,5432ad65681d3d8c39f37463217b12cc,Retrieved 2026-09-04T02:30:12Z; 1 rows x 88 cols. Sub-county age structure for the attendance-area overlay (2010 tract rows use 2010 tract geography),1984
census_dhc2020_place_boulder_city_P14_sex_by_single_year_age_under20.csv,https://data.census.gov/api/access/data/table?id=DECENNIALDHC2020.P14&g=160XX00US0807850,"U.S. Census Bureau (data.census.gov table API, no key required)",DECENNIALDHC2020.P14: sex by single year of age for the population under 20 (P14); same response as CSV (rows verbatim),"Boulder city, CO (place 0807850)",2020 Census (DHC),2026-09-04T02:30:05Z,1ee1ce0f244d61873aa452ced0f9411c,Retrieved 2026-09-04T02:30:05Z; 1 rows x 88 cols. Sub-county age structure for the attendance-area overlay (2010 tract rows use 2010 tract geography),1098
census_dhc2020_place_boulder_city_P14_sex_by_single_year_age_under20.json,https://data.census.gov/api/access/data/table?id=DECENNIALDHC2020.P14&g=160XX00US0807850,"U.S. Census Bureau (data.census.gov table API, no key required)",DECENNIALDHC2020.P14: sex by single year of age for the population under 20 (P14); raw JSON response,"Boulder city, CO (place 0807850)",2020 Census (DHC),2026-09-04T02:30:05Z,d902723a014e856c9ccb5927ab483b45,Retrieved 2026-09-04T02:30:05Z; 1 rows x 88 cols. Sub-county age structure for the attendance-area overlay (2010 tract rows use 2010 tract geography),1950
census_dhc2020_tract_boulder_county_P14_sex_by_single_year_age_under20.csv,https://data.census.gov/api/access/data/table?id=DECENNIALDHC2020.P14&g=050XX00US08013$1400000,"U.S. Census Bureau (data.census.gov table API, no key required)",DECENNIALDHC2020.P14: sex by single year of age for the population under 20 (P14); same response as CSV (rows verbatim),"All 78 census tracts in Boulder County, CO",2020 Census (DHC),2026-09-04T02:29:36Z,9327ef7c8f533e457581aa99fb98420b,Retrieved 2026-09-04T02:29:36Z; 78 rows x 88 cols. Sub-county age structure for the attendance-area overlay (2010 tract rows use 2010 tract geography),19135
census_dhc2020_tract_boulder_county_P14_sex_by_single_year_age_under20.json,https://data.census.gov/api/access/data/table?id=DECENNIALDHC2020.P14&g=050XX00US08013$1400000,"U.S. Census Bureau (data.census.gov table API, no key required)",DECENNIALDHC2020.P14: sex by single year of age for the population under 20 (P14); raw JSON response,"All 78 census tracts in Boulder County, CO",2020 Census (DHC),2026-09-04T02:29:36Z,3b43b512a2869a710f094f7cb2603e74,Retrieved 2026-09-04T02:29:36Z; 78 rows x 88 cols. Sub-county age structure for the attendance-area overlay (2010 tract rows use 2010 tract geography),47030
census_sf12010_county_boulder_P14_sex_by_single_year_age_under20.csv,https://data.census.gov/api/access/data/table?id=DECENNIALSF12010.P14&g=050XX00US08013,"U.S. Census Bureau (data.census.gov table API, no key required)",DECENNIALSF12010.P14: sex by single year of age for the population under 20 (P14); same response as CSV (rows verbatim),"Boulder County, CO",2010 Census (SF1),2026-09-04T02:30:27Z,258d1d1f0fb5a77635129250b76aeba5,Retrieved 2026-09-04T02:30:27Z; 1 rows x 45 cols. Sub-county age structure for the attendance-area overlay (2010 tract rows use 2010 tract geography),618
census_sf12010_county_boulder_P14_sex_by_single_year_age_under20.json,https://data.census.gov/api/access/data/table?id=DECENNIALSF12010.P14&g=050XX00US08013,"U.S. Census Bureau (data.census.gov table API, no key required)",DECENNIALSF12010.P14: sex by single year of age for the population under 20 (P14); raw JSON response,"Boulder County, CO",2010 Census (SF1),2026-09-04T02:30:27Z,bb98d637e3636d237c23a9202e00b45e,Retrieved 2026-09-04T02:30:27Z; 1 rows x 45 cols. Sub-county age structure for the attendance-area overlay (2010 tract rows use 2010 tract geography),1124
census_sf12010_place_boulder_city_P14_sex_by_single_year_age_under20.csv,https://data.census.gov/api/access/data/table?id=DECENNIALSF12010.P14&g=160XX00US0807850,"U.S. Census Bureau (data.census.gov table API, no key required)",DECENNIALSF12010.P14: sex by single year of age for the population under 20 (P14); same response as CSV (rows verbatim),"Boulder city, CO (place 0807850)",2010 Census (SF1),2026-09-04T02:30:11Z,06c5e3024ac652a48128f903d90d9994,Retrieved 2026-09-04T02:30:11Z; 1 rows x 45 cols. Sub-county age structure for the attendance-area overlay (2010 tract rows use 2010 tract geography),582
census_sf12010_place_boulder_city_P14_sex_by_single_year_age_under20.json,https://data.census.gov/api/access/data/table?id=DECENNIALSF12010.P14&g=160XX00US0807850,"U.S. Census Bureau (data.census.gov table API, no key required)",DECENNIALSF12010.P14: sex by single year of age for the population under 20 (P14); raw JSON response,"Boulder city, CO (place 0807850)",2010 Census (SF1),2026-09-04T02:30:11Z,7eebe5bae7d0026ad750721adaf01980,Retrieved 2026-09-04T02:30:11Z; 1 rows x 45 cols. Sub-county age structure for the attendance-area overlay (2010 tract rows use 2010 tract geography),1090
census_sf12010_tract_boulder_county_P14_sex_by_single_year_age_under20.csv,https://data.census.gov/api/access/data/table?id=DECENNIALSF12010.P14&g=050XX00US08013$1400000,"U.S. Census Bureau (data.census.gov table API, no key required)",DECENNIALSF12010.P14: sex by single year of age for the population under 20 (P14); same response as CSV (rows verbatim),"All 78 census tracts in Boulder County, CO",2010 Census (SF1),2026-09-04T02:30:30Z,2c3cc7a695a1a776f7ff45687a8205b5,Retrieved 2026-09-04T02:30:30Z; 68 rows x 45 cols. Sub-county age structure for the attendance-area overlay (2010 tract rows use 2010 tract geography),13712
census_sf12010_tract_boulder_county_P14_sex_by_single_year_age_under20.json,https://data.census.gov/api/access/data/table?id=DECENNIALSF12010.P14&g=050XX00US08013$1400000,"U.S. Census Bureau (data.census.gov table API, no key required)",DECENNIALSF12010.P14: sex by single year of age for the population under 20 (P14); raw JSON response,"All 78 census tracts in Boulder County, CO",2010 Census (SF1),2026-09-04T02:30:30Z,a685281ecc755c1711dfdffb816ad2a3,Retrieved 2026-09-04T02:30:30Z; 68 rows x 45 cols. Sub-county age structure for the attendance-area overlay (2010 tract rows use 2010 tract geography),23212
co-est00int-alldata-08.csv,https://www2.census.gov/programs-surveys/popest/datasets/2000-2010/intercensal/county/co-est00int-alldata-08.csv,U.S. Census Bureau,"Intercensal 2000-2010 county population by 5-year age group (AGEGRP), sex, race/Hispanic origin; Colorado counties only",Colorado counties; Boulder = COUNTY 013,"2000-2010 (YEAR 1=Apr 2000 census, 2-12=July 1 2000-2010, 13=Apr 2010 census)",2026-09-04T02:23:10Z,da7612ad1a7be0f3cddde81029962a55,"NOT a components file (no births). AGEGRP 0=total, 1=0-4, 2=5-9, ... Useful for Boulder County ages 0-4 / 5-9 in the 2000s",2621533
co-est2009-alldata.csv,https://www2.census.gov/programs-surveys/popest/datasets/2000-2009/counties/totals/co-est2009-alldata.csv,U.S. Census Bureau,"Vintage 2009 county population estimates and components of change: POPESTIMATE2000-2009, BIRTHS2000-2009, DEATHS, NETMIG (all US counties)","All US counties; Boulder County = STATE 08, COUNTY 013",2000-2009,2026-09-04T02:28:01Z,bc3886c54ad21840df2ab63e4296352a,Original Census filename retained. BIRTHS2000 covers 4/1/2000-6/30/2000 only (partial); BIRTHS2001..2009 are July 1-June 30 periods ending in the stated year. Pre-2010-census vintage. Latin-1 encoding,3678541
co-est2020-alldata.csv,https://www2.census.gov/programs-surveys/popest/datasets/2010-2020/counties/totals/co-est2020-alldata.csv,U.S. Census Bureau,"Vintage 2020 county population estimates and components of change: BIRTHS2010-2020, DEATHS, NETMIG, plus rates (all US counties)",All US counties; Boulder County = 08/013,2010-2020,2026-09-04T02:21:14Z,65f430d658319ff891641013138ce1b4,Original Census filename retained. BIRTHS2010 covers 4/1/2010-6/30/2010 only (partial); BIRTHS2011..2020 are July-June periods. Latin-1 encoding,4012355
co-est2024-alldata.csv,https://www2.census.gov/programs-surveys/popest/datasets/2020-2024/counties/totals/co-est2024-alldata.csv,U.S. Census Bureau,"Vintage 2024 county population estimates and components of change: BIRTHS2020-2024, DEATHS, NETMIG, plus rates (all US counties)",All US counties; Boulder County = 08/013,2020-2024,2026-09-04T02:21:13Z,20a23601b47aac1bd175e97b1e4e841b,Original Census filename retained. BIRTHS2020 covers 4/1/2020-6/30/2020 only (partial); BIRTHS2021..2024 are July-June periods. Latin-1 encoding,1769182
coloradokids_kids_count_2021_boulder_county_data_page.pdf,https://www.coloradokids.org/wp-content/uploads/2021/10/2021-County-Data-Page-BOULDER.pdf,Colorado Children's Campaign (KIDS COUNT in Colorado! 2021),"Boulder County data page: 2019 live births 2,477 (Colorado 62,875) plus child population, birth risk factors, education indicators",Boulder County,2019 (births); various,2026-09-04T02:27:48Z,1cff36de67a2c1fb0a29b8f4b8868e09,Text sibling via pdfplumber,48698
coloradokids_kids_count_2021_boulder_county_data_page.txt,https://www.coloradokids.org/wp-content/uploads/2021/10/2021-County-Data-Page-BOULDER.pdf,Colorado Children's Campaign (KIDS COUNT in Colorado! 2021),pdfplumber text extraction of coloradokids_kids_count_2021_boulder_county_data_page.pdf,Boulder County,2019 (births); various,2026-09-04T02:27:49Z,190d33e84329f2480087614c64d9fbf1,Derived by this session (pdfplumber extract_text; page markers '--- page N ---'),2834
kidscount_aecf_live_births_by_county_colorado_ind9847.xlsx,https://datacenter.aecf.org/rawdata.axd?ind=9847&loc=7,"Annie E. Casey Foundation KIDS COUNT Data Center (indicator 9847, supplied by Colorado Children's Campaign from CDPHE Vital Statistics)","Live births (number) by county and year, Colorado + all 64 counties; long format (LocationType, Location, TimeFrame, DataFormat, Data)",Colorado and all counties (Location='Boulder'),1990-2024 (2021 missing in the export),2026-09-04T02:29:17Z,6d8a07fbaeb600c65a73b91683991603,Calendar-year resident births per CDPHE. Human page: https://datacenter.aecf.org/data/tables/9847-live-births-by-county. Cross-checks: Boulder 2019=2477 matches the Colorado Kids Count 2021 county page; 2022-2024 match CDPHE 2025 summary T6 exactly,54549
sdo_annual_population_summary_2023.pdf,https://spl.cde.state.co.us/artemis/locserials/loc615019internet/loc6150192023internet.pdf,Colorado State Demography Office (DOLA),"SDO Annual Population Summary, 2023 estimates (published January 2025): narrative on births, deaths, migration, aging","Colorado, regions, counties",2023 estimates,2026-09-04T02:33:13Z,3bb00f8c8c69831b790104a7fc5558ef,Archived at the Colorado State Publications Library (Artemis). Text sibling via pdfplumber,1486221
sdo_annual_population_summary_2023.txt,https://spl.cde.state.co.us/artemis/locserials/loc615019internet/loc6150192023internet.pdf,Colorado State Demography Office (DOLA),pdfplumber text extraction of sdo_annual_population_summary_2023.pdf,"Colorado, regions, counties",2023 estimates,2026-09-04T02:33:16Z,6381f2931df91ec97e1ba541cc53c7cc,Derived by this session (pdfplumber extract_text; page markers '--- page N ---'),22775
sdo_annual_population_summary_2024.pdf,https://spl.cde.state.co.us/artemis/locserials/loc615019internet/loc6150192024internet.pdf,Colorado State Demography Office (DOLA),"SDO Colorado Population Summary, 2024 estimates (published February 2026)","Colorado, regions, counties",2024 estimates,2026-09-04T02:33:14Z,0d796c7a4ff02dc18b523d8972067ba9,2025 edition (loc6150192025internet.pdf) returned 404 on 2026-09-03. Text sibling via pdfplumber,1694643
sdo_annual_population_summary_2024.txt,https://spl.cde.state.co.us/artemis/locserials/loc615019internet/loc6150192024internet.pdf,Colorado State Demography Office (DOLA),pdfplumber text extraction of sdo_annual_population_summary_2024.pdf,"Colorado, regions, counties",2024 estimates,2026-09-04T02:33:17Z,cb567385910a8473fa68ead2b1309955,Derived by this session (pdfplumber extract_text; page markers '--- page N ---'),26213
sdo_bucket_ACS2024_tract.zip,https://storage.googleapis.com/co-publicdata/ACS2024_tract.zip,Colorado State Demography Office (DOLA),"SDO shapefile of ACS 2020-2024 5-year estimates for all Colorado census tracts (263 attributes incl. pop2024, ageless10, age_0_9, ageless18, med_age, owned, rented, preschool, kndrgrtn, gr_1_4, med_hh_inc, plus MOE columns prefixed m)","All Colorado 2020 census tracts (1,447)",ACS 2020-2024,2026-09-04T02:24:19Z,4b11e41855b148db74c8e35416883fff,"Includes 2020 tract geometry, so it can be intersected with BVSD attendance-area GeoJSON directly. Field definitions in sibling _metadata.txt. Bucket LastModified 2026-03-24",10544007
sdo_bucket_ACS2024_tract_metadata.txt,https://storage.googleapis.com/co-publicdata/ACS2024_tract.zip,Colorado State Demography Office (DOLA),Plain-text extraction of ACS_2020_2024_Metadata.docx (shapefile field -> ACS variable mapping) from the tract shapefile zip,n/a,ACS 2020-2024,2026-09-04T02:28:12Z,c933a002a0dfc2ac7b344b5a9ec575f9,Derived by this session from the docx inside the zip (zipfile + regex on word/document.xml),14571
sdo_bucket_ChangeInBirths2011to2020.csv,https://storage.googleapis.com/co-publicdata/ChangeInBirths2011to2020.csv,Colorado State Demography Office (DOLA),Change in births 2011-2020 by county by single year of age of mother (Change1120) and 5-year age group (Cng5Yr1120),"All Colorado counties (FIPS = county code, Boulder = 13)",2011 vs 2020,2026-09-04T02:24:21Z,ea7b09aaf6360d9869d642409de6937e,SDO analysis file; decomposes the birth decline by maternal age,78693
sdo_bucket_Colorado_Components_Change_1970_2022.csv,https://storage.googleapis.com/co-publicdata/Colorado_Components_Change_1970_2022.csv,Colorado State Demography Office (DOLA),"Statewide components of change (population, change, births, deaths, net migration, data type)",Colorado statewide,1970-2050 (estimates through 2022),2026-09-04T02:24:21Z,e4a124f5458ef99bb20a22df1b2c01af,Older vintage (2022); statewide context only,4459
sdo_bucket_Forecast5yrsubstate.xls,https://storage.googleapis.com/co-publicdata/Forecast5yrsubstate.xls,Colorado State Demography Office (DOLA),"Table 1 preliminary population forecasts by region, 5-year steps",Colorado regions,2010-2050,2026-09-04T02:24:22Z,2ae24e431d15a261efc92a2fb9abeb81,Vintage 2020 Prepared October 2021; older vintage; context only,107520
sdo_bucket_PopulationByAgeCurrentYear.xls,https://storage.googleapis.com/co-publicdata/PopulationByAgeCurrentYear.xls,Colorado State Demography Office (DOLA),"Total population by broad age group (<18, 18-24, 25-44, 45-64, 65+) for state, regions, counties","Colorado, regions, counties","2021 (V2021 estimates, prepared Oct 2022)",2026-09-04T02:24:22Z,5d14f995b1bdeab35628ce205b70abf6,Older vintage; context only,46080
sdo_bucket_components-change-county.csv,https://storage.googleapis.com/co-publicdata/components-change-county.csv,Colorado State Demography Office (DOLA),"County components of change: estimate, change, births, deaths, netmig, datatype (Estimate/Projection); all 64 counties",All Colorado counties,1970-2060,2026-09-04T02:24:15Z,61ea4b4bb8b9f070bea681e39c22ee4d,Row 1 = 'Vintage 2024 Prepared March 2025'; column header on row 2 (pandas skiprows=1). Bucket LastModified 2026-03-31,316471
sdo_bucket_county-muni-timeseries.csv,https://storage.googleapis.com/co-publicdata/county-muni-timeseries.csv,Colorado State Demography Office (DOLA),Total population time series for municipalities and unincorporated county remainders,All Colorado municipalities (placefips) incl. Boulder city (7850) and Unincorporated Boulder County (99990),1980-2024,2026-09-04T02:24:20Z,d8f7df2cd307dc394013ebfe794ce79d,"Vintage 2024 Prepared October 2025; skiprows=1. Total population only, no age detail",942328
sdo_bucket_forecast1yrcounty.csv,https://storage.googleapis.com/co-publicdata/forecast1yrcounty.csv,Colorado State Demography Office (DOLA),"Table III-C-1 preliminary total population forecasts for Colorado counties, single-year",All Colorado counties,2000-2050,2026-09-04T02:24:19Z,42909b9e46edb04a85566e8374188694,Vintage 2023 Prepared October 2024. Wide format with title rows,30995
sdo_bucket_forecast1yrsubstate.csv,https://storage.googleapis.com/co-publicdata/forecast1yrsubstate.csv,Colorado State Demography Office (DOLA),"Table III-A-1 preliminary population forecasts for Colorado regions / substate areas, single-year",Colorado planning regions and substate areas (not municipalities),2000-2050,2026-09-04T02:24:19Z,11c3c9d9413bd6985585b293d7aad3a2,Vintage 2023 Prepared July 2024. Wide format with title rows. SDO does not publish municipal age forecasts,64071
sdo_bucket_muni-pop-housing.csv,https://storage.googleapis.com/co-publicdata/muni-pop-housing.csv,Colorado State Demography Office (DOLA),"Municipal population, household population, group quarters, household size, housing units, occupied/vacant units, vacancy rate",All Colorado municipalities incl. Boulder city (placefips 7850),2010-2024,2026-09-04T02:24:20Z,7e1972290009ae1ac37a83b5bddedfde,Vintage 2024 Prepared October 2025; skiprows=1,464740
sdo_bucket_sya-county.csv,https://storage.googleapis.com/co-publicdata/sya-county.csv,Colorado State Demography Office (DOLA),"Single year of age (0-100) by sex by county by year: malepopulation, femalepopulation, totalpopulation, datatype (Estimate/Forecast)",All Colorado counties (countyfips),1990-2060 (Estimate through 2024; Forecast 2025-2060),2026-09-04T02:24:17Z,06cd595ce2db314744ade7fd90e373d3,Vintage 2024 Prepared March 2025 (row 1); skiprows=1. ~20.9 MB. Boulder = countyfips 13. This is the requested county-sya file,20924469
sdo_components_of_change_boulder_state_1970_2060.csv,https://gis.dola.colorado.gov/lookups/components?county={13|0}&year={1970..2060},Colorado State Demography Office (DOLA),"Components of change (population estimate, change, births, deaths, net migration) harvested from the SDO lookups API, one request per county-year; county=0 is Colorado statewide",Boulder County (countyfips 13) and Colorado (0),1970-2060 (Estimate through 2024; Projection 2025-2060),2026-09-04T02:23:05Z,092a3699e3a8b43ecf67bf2b628c1f80,"Flattened from *_raw.json. Vintage 2024 (identical to bucket file components-change-county.csv). SDO births are on a July-June accounting period ending in the stated year, not calendar year; see FETCH_LOG.md",21212
sdo_components_of_change_boulder_state_1970_2060_raw.json,https://gis.dola.colorado.gov/lookups/components?county={13|0}&year={1970..2060},Colorado State Demography Office (DOLA),"Raw JSON responses from the SDO components lookup API (one element per request, with the URL)",Boulder County (13) and Colorado (0),1970-2060,2026-09-04T02:23:05Z,a7a960ba8fe5df33d46f00547eb55ab0,Raw API responses; source for the CSV of the same stem,57541
