pdf,page,n_pages,chars,mentions_mesa,mentions_bear_creek,no_text
data/raw/bvsd/boundary_study_item_2025-09-09.pdf,1,30,84,False,False,False
data/raw/bvsd/boundary_study_item_2025-09-09.pdf,2,30,323,False,False,False
data/raw/bvsd/boundary_study_item_2025-09-09.pdf,3,30,367,False,False,False
data/raw/bvsd/boundary_study_item_2025-09-09.pdf,4,30,227,False,False,False
data/raw/bvsd/boundary_study_item_2025-09-09.pdf,5,30,180,False,False,False
data/raw/bvsd/boundary_study_item_2025-09-09.pdf,6,30,336,False,True,False
data/raw/bvsd/boundary_study_item_2025-09-09.pdf,7,30,302,False,True,False
data/raw/bvsd/boundary_study_item_2025-09-09.pdf,8,30,773,False,False,False
data/raw/bvsd/boundary_study_item_2025-09-09.pdf,9,30,905,False,False,False
data/raw/bvsd/boundary_study_item_2025-09-09.pdf,10,30,1118,False,False,False
data/raw/bvsd/boundary_study_item_2025-09-09.pdf,11,30,1298,False,False,False
data/raw/bvsd/boundary_study_item_2025-09-09.pdf,12,30,874,False,False,False
data/raw/bvsd/boundary_study_item_2025-09-09.pdf,13,30,689,False,False,False
data/raw/bvsd/boundary_study_item_2025-09-09.pdf,14,30,474,False,False,False
data/raw/bvsd/boundary_study_item_2025-09-09.pdf,15,30,627,False,False,False
data/raw/bvsd/boundary_study_item_2025-09-09.pdf,16,30,876,False,False,False
data/raw/bvsd/boundary_study_item_2025-09-09.pdf,17,30,485,False,False,False
data/raw/bvsd/boundary_study_item_2025-09-09.pdf,18,30,1371,False,False,False
data/raw/bvsd/boundary_study_item_2025-09-09.pdf,19,30,1542,False,False,False
data/raw/bvsd/boundary_study_item_2025-09-09.pdf,20,30,554,False,False,False
data/raw/bvsd/boundary_study_item_2025-09-09.pdf,21,30,650,False,False,False
data/raw/bvsd/boundary_study_item_2025-09-09.pdf,22,30,787,False,True,False
data/raw/bvsd/boundary_study_item_2025-09-09.pdf,23,30,636,False,True,False
data/raw/bvsd/boundary_study_item_2025-09-09.pdf,24,30,734,False,True,False
data/raw/bvsd/boundary_study_item_2025-09-09.pdf,25,30,480,False,True,False
data/raw/bvsd/boundary_study_item_2025-09-09.pdf,26,30,433,False,False,False
data/raw/bvsd/boundary_study_item_2025-09-09.pdf,27,30,567,False,False,False
data/raw/bvsd/boundary_study_item_2025-09-09.pdf,28,30,478,False,True,False
data/raw/bvsd/boundary_study_item_2025-09-09.pdf,29,30,1024,False,True,False
data/raw/bvsd/boundary_study_item_2025-09-09.pdf,30,30,13,False,False,False
data/raw/bvsd/boundary_worksession_2025-03-11.pdf,1,20,82,False,False,False
data/raw/bvsd/boundary_worksession_2025-03-11.pdf,2,20,317,False,False,False
data/raw/bvsd/boundary_worksession_2025-03-11.pdf,3,20,544,False,False,False
data/raw/bvsd/boundary_worksession_2025-03-11.pdf,4,20,26,False,False,False
data/raw/bvsd/boundary_worksession_2025-03-11.pdf,5,20,1135,True,True,False
data/raw/bvsd/boundary_worksession_2025-03-11.pdf,6,20,147,False,False,False
data/raw/bvsd/boundary_worksession_2025-03-11.pdf,7,20,138,False,False,False
data/raw/bvsd/boundary_worksession_2025-03-11.pdf,8,20,384,False,False,False
data/raw/bvsd/boundary_worksession_2025-03-11.pdf,9,20,401,False,False,False
data/raw/bvsd/boundary_worksession_2025-03-11.pdf,10,20,410,False,False,False
data/raw/bvsd/boundary_worksession_2025-03-11.pdf,11,20,433,False,False,False
data/raw/bvsd/boundary_worksession_2025-03-11.pdf,12,20,396,False,False,False
data/raw/bvsd/boundary_worksession_2025-03-11.pdf,13,20,145,True,True,False
data/raw/bvsd/boundary_worksession_2025-03-11.pdf,14,20,139,False,False,False
data/raw/bvsd/boundary_worksession_2025-03-11.pdf,15,20,414,False,False,False
data/raw/bvsd/boundary_worksession_2025-03-11.pdf,16,20,398,False,False,False
data/raw/bvsd/boundary_worksession_2025-03-11.pdf,17,20,393,True,True,False
data/raw/bvsd/boundary_worksession_2025-03-11.pdf,18,20,438,False,True,False
data/raw/bvsd/boundary_worksession_2025-03-11.pdf,19,20,387,False,True,False
data/raw/bvsd/boundary_worksession_2025-03-11.pdf,20,20,34,False,False,False
data/raw/bvsd/bvsd_enrollment_dashboard.pdf,1,5,1142,False,False,False
data/raw/bvsd/bvsd_enrollment_dashboard.pdf,2,5,1653,False,False,False
data/raw/bvsd/bvsd_enrollment_dashboard.pdf,3,5,2616,False,False,False
data/raw/bvsd/bvsd_enrollment_dashboard.pdf,4,5,2163,False,False,False
data/raw/bvsd/bvsd_enrollment_dashboard.pdf,5,5,2721,False,False,False
data/raw/bvsd/bvsd_page_bear_creek_creekside.pdf,1,3,1342,True,True,False
data/raw/bvsd/bvsd_page_bear_creek_creekside.pdf,2,3,862,False,True,False
data/raw/bvsd/bvsd_page_bear_creek_creekside.pdf,3,3,1385,False,True,False
data/raw/bvsd/bvsd_page_declining_enrollment.pdf,1,23,677,False,False,False
data/raw/bvsd/bvsd_page_declining_enrollment.pdf,2,23,585,False,False,False
data/raw/bvsd/bvsd_page_declining_enrollment.pdf,3,23,677,False,False,False
data/raw/bvsd/bvsd_page_declining_enrollment.pdf,4,23,908,False,False,False
data/raw/bvsd/bvsd_page_declining_enrollment.pdf,5,23,1345,True,True,False
data/raw/bvsd/bvsd_page_declining_enrollment.pdf,6,23,1658,True,True,False
data/raw/bvsd/bvsd_page_declining_enrollment.pdf,7,23,1820,True,True,False
data/raw/bvsd/bvsd_page_declining_enrollment.pdf,8,23,1515,False,False,False
data/raw/bvsd/bvsd_page_declining_enrollment.pdf,9,23,997,False,False,False
data/raw/bvsd/bvsd_page_declining_enrollment.pdf,10,23,1272,False,False,False
data/raw/bvsd/bvsd_page_declining_enrollment.pdf,11,23,1116,False,False,False
data/raw/bvsd/bvsd_page_declining_enrollment.pdf,12,23,2072,False,False,False
data/raw/bvsd/bvsd_page_declining_enrollment.pdf,13,23,1130,False,False,False
data/raw/bvsd/bvsd_page_declining_enrollment.pdf,14,23,1382,False,False,False
data/raw/bvsd/bvsd_page_declining_enrollment.pdf,15,23,1530,False,False,False
data/raw/bvsd/bvsd_page_declining_enrollment.pdf,16,23,1127,False,False,False
data/raw/bvsd/bvsd_page_declining_enrollment.pdf,17,23,1354,False,False,False
data/raw/bvsd/bvsd_page_declining_enrollment.pdf,18,23,1676,False,False,False
data/raw/bvsd/bvsd_page_declining_enrollment.pdf,19,23,1478,False,False,False
data/raw/bvsd/bvsd_page_declining_enrollment.pdf,20,23,1565,False,False,False
data/raw/bvsd/bvsd_page_declining_enrollment.pdf,21,23,1328,False,False,False
data/raw/bvsd/bvsd_page_declining_enrollment.pdf,22,23,2139,False,False,False
data/raw/bvsd/bvsd_page_declining_enrollment.pdf,23,23,592,False,False,False
data/raw/bvsd/lrac_final_metrics_2023-06-13.pdf,1,4,2014,False,False,False
data/raw/bvsd/lrac_final_metrics_2023-06-13.pdf,2,4,1962,False,False,False
data/raw/bvsd/lrac_final_metrics_2023-06-13.pdf,3,4,1664,False,False,False
data/raw/bvsd/lrac_final_metrics_2023-06-13.pdf,4,4,1342,False,False,False
data/raw/bvsd/news_bvsd_enrollment_drops_less_than_expected_2024.pdf,1,8,2543,True,False,False
data/raw/bvsd/news_bvsd_enrollment_drops_less_than_expected_2024.pdf,2,8,3119,False,False,False
data/raw/bvsd/news_bvsd_enrollment_drops_less_than_expected_2024.pdf,3,8,2623,False,False,False
data/raw/bvsd/news_bvsd_enrollment_drops_less_than_expected_2024.pdf,4,8,1215,False,False,False
data/raw/bvsd/news_bvsd_enrollment_drops_less_than_expected_2024.pdf,5,8,3206,False,False,False
data/raw/bvsd/news_bvsd_enrollment_drops_less_than_expected_2024.pdf,6,8,884,False,False,False
data/raw/bvsd/news_bvsd_enrollment_drops_less_than_expected_2024.pdf,7,8,1504,False,False,False
data/raw/bvsd/news_bvsd_enrollment_drops_less_than_expected_2024.pdf,8,8,915,False,False,False
data/raw/bvsd/news_bvsd_enrollment_drops_more_than_expected.pdf,1,6,2651,False,False,False
data/raw/bvsd/news_bvsd_enrollment_drops_more_than_expected.pdf,2,6,2797,False,False,False
data/raw/bvsd/news_bvsd_enrollment_drops_more_than_expected.pdf,3,6,1800,False,False,False
data/raw/bvsd/news_bvsd_enrollment_drops_more_than_expected.pdf,4,6,1917,False,False,False
data/raw/bvsd/news_bvsd_enrollment_drops_more_than_expected.pdf,5,6,1810,False,False,False
data/raw/bvsd/news_bvsd_enrollment_drops_more_than_expected.pdf,6,6,851,False,False,False
data/raw/bvsd/pupil_count/2014-15_cde_headcount_summary.pdf,1,2,2972,True,True,False
data/raw/bvsd/pupil_count/2014-15_cde_headcount_summary.pdf,2,2,2599,False,False,False
data/raw/bvsd/pupil_count/2014-15_fte_summary.pdf,1,2,3590,True,True,False
data/raw/bvsd/pupil_count/2014-15_fte_summary.pdf,2,2,3011,False,False,False
data/raw/bvsd/pupil_count/2014-15_special_programs_summary.pdf,1,1,10965,False,True,False
data/raw/bvsd/pupil_count/2015-16_cde_headcount_summary.pdf,1,2,2974,True,True,False
data/raw/bvsd/pupil_count/2015-16_cde_headcount_summary.pdf,2,2,2628,False,False,False
data/raw/bvsd/pupil_count/2015-16_fte_summary.pdf,1,2,3586,True,True,False
data/raw/bvsd/pupil_count/2015-16_fte_summary.pdf,2,2,3017,False,False,False
data/raw/bvsd/pupil_count/2015-16_special_programs_summary.pdf,1,1,11196,False,True,False
data/raw/bvsd/pupil_count/2016-17_cde_headcount_summary.pdf,1,2,2973,True,True,False
data/raw/bvsd/pupil_count/2016-17_cde_headcount_summary.pdf,2,2,2622,False,False,False
data/raw/bvsd/pupil_count/2016-17_fte_summary.pdf,1,2,3585,True,True,False
data/raw/bvsd/pupil_count/2016-17_fte_summary.pdf,2,2,3009,False,False,False
data/raw/bvsd/pupil_count/2016-17_special_programs_summary.pdf,1,1,11170,False,True,False
data/raw/bvsd/pupil_count/2017-18_cde_headcount_summary.pdf,1,2,2967,True,True,False
data/raw/bvsd/pupil_count/2017-18_cde_headcount_summary.pdf,2,2,2626,False,False,False
data/raw/bvsd/pupil_count/2017-18_fte_summary.pdf,1,2,3579,True,True,False
data/raw/bvsd/pupil_count/2017-18_fte_summary.pdf,2,2,3015,False,False,False
data/raw/bvsd/pupil_count/2017-18_special_programs_summary.pdf,1,1,11238,False,True,False
data/raw/bvsd/pupil_count/2018-19_cde_headcount_summary.pdf,1,2,2971,True,True,False
data/raw/bvsd/pupil_count/2018-19_cde_headcount_summary.pdf,2,2,2653,False,False,False
data/raw/bvsd/pupil_count/2018-19_fte_summary.pdf,1,2,3584,True,True,False
data/raw/bvsd/pupil_count/2018-19_fte_summary.pdf,2,2,3051,False,False,False
data/raw/bvsd/pupil_count/2018-19_special_programs_summary.pdf,1,1,11299,False,True,False
data/raw/bvsd/pupil_count/2019-20_cde_headcount_summary.pdf,1,2,2958,True,True,False
data/raw/bvsd/pupil_count/2019-20_cde_headcount_summary.pdf,2,2,2750,False,False,False
data/raw/bvsd/pupil_count/2019-20_fte_summary.pdf,1,2,3574,True,True,False
data/raw/bvsd/pupil_count/2019-20_fte_summary.pdf,2,2,3157,False,False,False
data/raw/bvsd/pupil_count/2019-20_special_programs_summary_final12132019.pdf,1,1,11116,False,True,False
data/raw/bvsd/pupil_count/2020-21_cde_headcount_summary_v3.pdf,1,2,2896,True,True,False
data/raw/bvsd/pupil_count/2020-21_cde_headcount_summary_v3.pdf,2,2,2553,False,False,False
data/raw/bvsd/pupil_count/2020-21_special_programs_summary_v2_1.pdf,1,1,11412,True,True,False
data/raw/bvsd/pupil_count/2020-21_special_programs_summary_v3.pdf,1,2,2923,True,True,False
data/raw/bvsd/pupil_count/2020-21_special_programs_summary_v3.pdf,2,2,2576,False,False,False
data/raw/bvsd/pupil_count/2021-22_cde_headcount_summary.pdf,1,2,2894,True,True,False
data/raw/bvsd/pupil_count/2021-22_cde_headcount_summary.pdf,2,2,2446,False,False,False
data/raw/bvsd/pupil_count/2021-22_fte_summary.pdf,1,2,3494,True,True,False
data/raw/bvsd/pupil_count/2021-22_fte_summary.pdf,2,2,2822,False,False,False
data/raw/bvsd/pupil_count/2021-22_special_programs_summary_v2.pdf,1,1,11402,True,True,False
data/raw/bvsd/pupil_count/2022-23_cde_headcount_summary.pdf,1,2,2887,True,True,False
data/raw/bvsd/pupil_count/2022-23_cde_headcount_summary.pdf,2,2,2485,False,False,False
data/raw/bvsd/pupil_count/2022-23_fte_summary.pdf,1,2,3497,True,True,False
data/raw/bvsd/pupil_count/2022-23_fte_summary.pdf,2,2,2819,False,False,False
data/raw/bvsd/pupil_count/2022-23_special_programs_summary.pdf,1,1,11452,True,True,False
data/raw/bvsd/pupil_count/2023-24_cde_headcount_summary.pdf,1,2,2654,True,True,False
data/raw/bvsd/pupil_count/2023-24_cde_headcount_summary.pdf,2,2,2333,False,False,False
data/raw/bvsd/pupil_count/2023-24_fte_summary.pdf,1,2,3135,True,True,False
data/raw/bvsd/pupil_count/2023-24_fte_summary.pdf,2,2,2830,False,False,False
data/raw/bvsd/pupil_count/2023-24_special_programs_summary_lessequal16.pdf,1,1,11331,True,True,False
data/raw/bvsd/pupil_count/2024-25_cde_headcount_summary.pdf,1,2,2627,True,True,False
data/raw/bvsd/pupil_count/2024-25_cde_headcount_summary.pdf,2,2,2207,False,False,False
data/raw/bvsd/pupil_count/2024-25_fte_summary.pdf,1,2,3096,True,True,False
data/raw/bvsd/pupil_count/2024-25_fte_summary.pdf,2,2,2675,False,False,False
data/raw/bvsd/pupil_count/2024-25_special_programs_summary.pdf,1,1,10807,True,True,False
data/raw/bvsd/pupil_count/2025-26_cde_headcount_summary.pdf,1,2,2561,True,True,False
data/raw/bvsd/pupil_count/2025-26_cde_headcount_summary.pdf,2,2,2141,False,False,False
data/raw/bvsd/pupil_count/2025-26_fte_summary.pdf,1,2,3090,True,True,False
data/raw/bvsd/pupil_count/2025-26_fte_summary.pdf,2,2,2659,False,False,False
data/raw/bvsd/pupil_count/2025-26_special_programs_summary.pdf,1,1,10786,True,True,False
data/raw/bvsd/resilient_schools_faq.pdf,1,10,2132,False,False,False
data/raw/bvsd/resilient_schools_faq.pdf,2,10,2103,False,False,False
data/raw/bvsd/resilient_schools_faq.pdf,3,10,2055,False,False,False
data/raw/bvsd/resilient_schools_faq.pdf,4,10,2553,False,False,False
data/raw/bvsd/resilient_schools_faq.pdf,5,10,1686,False,False,False
data/raw/bvsd/resilient_schools_faq.pdf,6,10,3032,False,False,False
data/raw/bvsd/resilient_schools_faq.pdf,7,10,2736,False,False,False
data/raw/bvsd/resilient_schools_faq.pdf,8,10,2156,False,False,False
data/raw/bvsd/resilient_schools_faq.pdf,9,10,2009,False,False,False
data/raw/bvsd/resilient_schools_faq.pdf,10,10,2118,False,False,False
data/raw/bvsd/resilient_schools_proposal_2026-08-25.pdf,1,75,65,False,False,False
data/raw/bvsd/resilient_schools_proposal_2026-08-25.pdf,2,75,401,False,False,False
data/raw/bvsd/resilient_schools_proposal_2026-08-25.pdf,3,75,732,False,False,False
data/raw/bvsd/resilient_schools_proposal_2026-08-25.pdf,4,75,612,False,False,False
data/raw/bvsd/resilient_schools_proposal_2026-08-25.pdf,5,75,87,False,False,False
data/raw/bvsd/resilient_schools_proposal_2026-08-25.pdf,6,75,545,False,False,False
data/raw/bvsd/resilient_schools_proposal_2026-08-25.pdf,7,75,546,False,False,False
data/raw/bvsd/resilient_schools_proposal_2026-08-25.pdf,8,75,677,False,False,False
data/raw/bvsd/resilient_schools_proposal_2026-08-25.pdf,9,75,419,False,False,False
data/raw/bvsd/resilient_schools_proposal_2026-08-25.pdf,10,75,352,False,False,False
data/raw/bvsd/resilient_schools_proposal_2026-08-25.pdf,11,75,211,False,False,False
data/raw/bvsd/resilient_schools_proposal_2026-08-25.pdf,12,75,353,False,False,False
data/raw/bvsd/resilient_schools_proposal_2026-08-25.pdf,13,75,842,False,False,False
data/raw/bvsd/resilient_schools_proposal_2026-08-25.pdf,14,75,432,False,False,False
data/raw/bvsd/resilient_schools_proposal_2026-08-25.pdf,15,75,44,False,False,False
data/raw/bvsd/resilient_schools_proposal_2026-08-25.pdf,16,75,640,False,False,False
data/raw/bvsd/resilient_schools_proposal_2026-08-25.pdf,17,75,288,False,False,False
data/raw/bvsd/resilient_schools_proposal_2026-08-25.pdf,18,75,29,False,False,False
data/raw/bvsd/resilient_schools_proposal_2026-08-25.pdf,19,75,38,False,False,False
data/raw/bvsd/resilient_schools_proposal_2026-08-25.pdf,20,75,344,False,False,False
data/raw/bvsd/resilient_schools_proposal_2026-08-25.pdf,21,75,345,False,False,False
data/raw/bvsd/resilient_schools_proposal_2026-08-25.pdf,22,75,347,False,False,False
data/raw/bvsd/resilient_schools_proposal_2026-08-25.pdf,23,75,325,False,False,False
data/raw/bvsd/resilient_schools_proposal_2026-08-25.pdf,24,75,704,False,False,False
data/raw/bvsd/resilient_schools_proposal_2026-08-25.pdf,25,75,647,False,False,False
data/raw/bvsd/resilient_schools_proposal_2026-08-25.pdf,26,75,219,False,False,False
data/raw/bvsd/resilient_schools_proposal_2026-08-25.pdf,27,75,228,False,False,False
data/raw/bvsd/resilient_schools_proposal_2026-08-25.pdf,28,75,83,False,False,False
data/raw/bvsd/resilient_schools_proposal_2026-08-25.pdf,29,75,357,False,False,False
data/raw/bvsd/resilient_schools_proposal_2026-08-25.pdf,30,75,371,False,False,False
data/raw/bvsd/resilient_schools_proposal_2026-08-25.pdf,31,75,376,False,False,False
data/raw/bvsd/resilient_schools_proposal_2026-08-25.pdf,32,75,442,False,False,False
data/raw/bvsd/resilient_schools_proposal_2026-08-25.pdf,33,75,372,False,False,False
data/raw/bvsd/resilient_schools_proposal_2026-08-25.pdf,34,75,415,False,False,False
data/raw/bvsd/resilient_schools_proposal_2026-08-25.pdf,35,75,579,False,False,False
data/raw/bvsd/resilient_schools_proposal_2026-08-25.pdf,36,75,754,False,False,False
data/raw/bvsd/resilient_schools_proposal_2026-08-25.pdf,37,75,1301,False,False,False
data/raw/bvsd/resilient_schools_proposal_2026-08-25.pdf,38,75,256,False,False,False
data/raw/bvsd/resilient_schools_proposal_2026-08-25.pdf,39,75,757,False,False,False
data/raw/bvsd/resilient_schools_proposal_2026-08-25.pdf,40,75,260,False,False,False
data/raw/bvsd/resilient_schools_proposal_2026-08-25.pdf,41,75,386,False,False,False
data/raw/bvsd/resilient_schools_proposal_2026-08-25.pdf,42,75,17,False,False,False
data/raw/bvsd/resilient_schools_proposal_2026-08-25.pdf,43,75,582,False,False,False
data/raw/bvsd/resilient_schools_proposal_2026-08-25.pdf,44,75,338,False,False,False
data/raw/bvsd/resilient_schools_proposal_2026-08-25.pdf,45,75,431,False,False,False
data/raw/bvsd/resilient_schools_proposal_2026-08-25.pdf,46,75,593,False,False,False
data/raw/bvsd/resilient_schools_proposal_2026-08-25.pdf,47,75,914,False,False,False
data/raw/bvsd/resilient_schools_proposal_2026-08-25.pdf,48,75,1275,False,False,False
data/raw/bvsd/resilient_schools_proposal_2026-08-25.pdf,49,75,344,True,True,False
data/raw/bvsd/resilient_schools_proposal_2026-08-25.pdf,50,75,604,True,True,False
data/raw/bvsd/resilient_schools_proposal_2026-08-25.pdf,51,75,651,True,True,False
data/raw/bvsd/resilient_schools_proposal_2026-08-25.pdf,52,75,718,False,False,False
data/raw/bvsd/resilient_schools_proposal_2026-08-25.pdf,53,75,653,False,False,False
data/raw/bvsd/resilient_schools_proposal_2026-08-25.pdf,54,75,984,False,False,False
data/raw/bvsd/resilient_schools_proposal_2026-08-25.pdf,55,75,201,False,False,False
data/raw/bvsd/resilient_schools_proposal_2026-08-25.pdf,56,75,639,True,True,False
data/raw/bvsd/resilient_schools_proposal_2026-08-25.pdf,57,75,49,False,False,False
data/raw/bvsd/resilient_schools_proposal_2026-08-25.pdf,58,75,855,True,True,False
data/raw/bvsd/resilient_schools_proposal_2026-08-25.pdf,59,75,404,False,True,False
data/raw/bvsd/resilient_schools_proposal_2026-08-25.pdf,60,75,590,False,False,False
data/raw/bvsd/resilient_schools_proposal_2026-08-25.pdf,61,75,235,False,False,False
data/raw/bvsd/resilient_schools_proposal_2026-08-25.pdf,62,75,74,False,False,False
data/raw/bvsd/resilient_schools_proposal_2026-08-25.pdf,63,75,1238,False,False,False
data/raw/bvsd/resilient_schools_proposal_2026-08-25.pdf,64,75,1056,False,False,False
data/raw/bvsd/resilient_schools_proposal_2026-08-25.pdf,65,75,64,False,False,False
data/raw/bvsd/resilient_schools_proposal_2026-08-25.pdf,66,75,579,False,False,False
data/raw/bvsd/resilient_schools_proposal_2026-08-25.pdf,67,75,1304,False,False,False
data/raw/bvsd/resilient_schools_proposal_2026-08-25.pdf,68,75,429,False,False,False
data/raw/bvsd/resilient_schools_proposal_2026-08-25.pdf,69,75,36,False,False,False
data/raw/bvsd/resilient_schools_proposal_2026-08-25.pdf,70,75,1492,False,False,False
data/raw/bvsd/resilient_schools_proposal_2026-08-25.pdf,71,75,751,False,False,False
data/raw/bvsd/resilient_schools_proposal_2026-08-25.pdf,72,75,71,False,False,False
data/raw/bvsd/resilient_schools_proposal_2026-08-25.pdf,73,75,292,False,False,False
data/raw/bvsd/resilient_schools_proposal_2026-08-25.pdf,74,75,334,False,False,False
data/raw/bvsd/resilient_schools_proposal_2026-08-25.pdf,75,75,101,False,False,False
data/raw/bvsd/resilient_schools_special_needs.pdf,1,3,1774,False,False,False
data/raw/bvsd/resilient_schools_special_needs.pdf,2,3,2156,False,False,False
data/raw/bvsd/resilient_schools_special_needs.pdf,3,3,939,False,False,False
data/raw/bvsd/trend_report_exec_summary_2023-24.pdf,1,2,2021,False,False,False
data/raw/bvsd/trend_report_exec_summary_2023-24.pdf,2,2,1951,True,False,False
data/raw/bvsd/trend_report_exec_summary_2024-25.pdf,1,2,1995,False,False,False
data/raw/bvsd/trend_report_exec_summary_2024-25.pdf,2,2,1986,True,False,False
data/raw/bvsd/trend_report_feb2024.pdf,1,16,108,False,False,False
data/raw/bvsd/trend_report_feb2024.pdf,2,16,423,False,False,False
data/raw/bvsd/trend_report_feb2024.pdf,3,16,621,False,False,False
data/raw/bvsd/trend_report_feb2024.pdf,4,16,825,False,False,False
data/raw/bvsd/trend_report_feb2024.pdf,5,16,284,False,False,False
data/raw/bvsd/trend_report_feb2024.pdf,6,16,457,False,False,False
data/raw/bvsd/trend_report_feb2024.pdf,7,16,850,False,False,False
data/raw/bvsd/trend_report_feb2024.pdf,8,16,32,False,False,False
data/raw/bvsd/trend_report_feb2024.pdf,9,16,423,False,False,False
data/raw/bvsd/trend_report_feb2024.pdf,10,16,879,False,False,False
data/raw/bvsd/trend_report_feb2024.pdf,11,16,80,False,False,False
data/raw/bvsd/trend_report_feb2024.pdf,12,16,454,False,False,False
data/raw/bvsd/trend_report_feb2024.pdf,13,16,949,True,False,False
data/raw/bvsd/trend_report_feb2024.pdf,14,16,391,False,False,False
data/raw/bvsd/trend_report_feb2024.pdf,15,16,662,False,False,False
data/raw/bvsd/trend_report_feb2024.pdf,16,16,12,False,False,False
data/raw/bvsd/trend_report_feb2025.pdf,1,12,110,False,False,False
data/raw/bvsd/trend_report_feb2025.pdf,2,12,1566,False,False,False
data/raw/bvsd/trend_report_feb2025.pdf,3,12,290,False,False,False
data/raw/bvsd/trend_report_feb2025.pdf,4,12,324,False,False,False
data/raw/bvsd/trend_report_feb2025.pdf,5,12,33,False,False,False
data/raw/bvsd/trend_report_feb2025.pdf,6,12,157,False,False,False
data/raw/bvsd/trend_report_feb2025.pdf,7,12,379,False,False,False
data/raw/bvsd/trend_report_feb2025.pdf,8,12,458,False,False,False
data/raw/bvsd/trend_report_feb2025.pdf,9,12,1,False,False,False
data/raw/bvsd/trend_report_feb2025.pdf,10,12,435,False,False,False
data/raw/bvsd/trend_report_feb2025.pdf,11,12,1080,True,False,False
data/raw/bvsd/trend_report_feb2025.pdf,12,12,14,False,False,False
data/raw/bvsd/trend_report_feb2026.pdf,1,14,110,False,False,False
data/raw/bvsd/trend_report_feb2026.pdf,2,14,1623,False,False,False
data/raw/bvsd/trend_report_feb2026.pdf,3,14,317,False,False,False
data/raw/bvsd/trend_report_feb2026.pdf,4,14,33,False,False,False
data/raw/bvsd/trend_report_feb2026.pdf,5,14,181,False,False,False
data/raw/bvsd/trend_report_feb2026.pdf,6,14,277,False,False,False
data/raw/bvsd/trend_report_feb2026.pdf,7,14,379,False,False,False
data/raw/bvsd/trend_report_feb2026.pdf,8,14,458,False,False,False
data/raw/bvsd/trend_report_feb2026.pdf,9,14,1,False,False,False
data/raw/bvsd/trend_report_feb2026.pdf,10,14,434,False,False,False
data/raw/bvsd/trend_report_feb2026.pdf,11,14,502,False,False,False
data/raw/bvsd/trend_report_feb2026.pdf,12,14,1004,False,False,False
data/raw/bvsd/trend_report_feb2026.pdf,13,14,1249,False,False,False
data/raw/bvsd/trend_report_feb2026.pdf,14,14,14,False,False,False
data/raw/bvsd/worksession_2025-10-21.pdf,1,47,66,False,False,False
data/raw/bvsd/worksession_2025-10-21.pdf,2,47,434,False,False,False
data/raw/bvsd/worksession_2025-10-21.pdf,3,47,107,False,False,False
data/raw/bvsd/worksession_2025-10-21.pdf,4,47,213,False,False,False
data/raw/bvsd/worksession_2025-10-21.pdf,5,47,19,False,False,False
data/raw/bvsd/worksession_2025-10-21.pdf,6,47,1515,False,False,False
data/raw/bvsd/worksession_2025-10-21.pdf,7,47,32,False,False,False
data/raw/bvsd/worksession_2025-10-21.pdf,8,47,629,False,False,False
data/raw/bvsd/worksession_2025-10-21.pdf,9,47,34,False,False,False
data/raw/bvsd/worksession_2025-10-21.pdf,10,47,256,False,False,False
data/raw/bvsd/worksession_2025-10-21.pdf,11,47,316,False,False,False
data/raw/bvsd/worksession_2025-10-21.pdf,12,47,1109,True,True,False
data/raw/bvsd/worksession_2025-10-21.pdf,13,47,137,False,False,False
data/raw/bvsd/worksession_2025-10-21.pdf,14,47,435,False,False,False
data/raw/bvsd/worksession_2025-10-21.pdf,15,47,17,False,False,False
data/raw/bvsd/worksession_2025-10-21.pdf,16,47,140,False,False,False
data/raw/bvsd/worksession_2025-10-21.pdf,17,47,256,False,False,False
data/raw/bvsd/worksession_2025-10-21.pdf,18,47,58,False,False,False
data/raw/bvsd/worksession_2025-10-21.pdf,19,47,405,True,False,False
data/raw/bvsd/worksession_2025-10-21.pdf,20,47,326,False,False,False
data/raw/bvsd/worksession_2025-10-21.pdf,21,47,29,False,False,False
data/raw/bvsd/worksession_2025-10-21.pdf,22,47,184,False,False,False
data/raw/bvsd/worksession_2025-10-21.pdf,23,47,149,False,False,False
data/raw/bvsd/worksession_2025-10-21.pdf,24,47,68,False,False,False
data/raw/bvsd/worksession_2025-10-21.pdf,25,47,664,False,False,False
data/raw/bvsd/worksession_2025-10-21.pdf,26,47,767,False,False,False
data/raw/bvsd/worksession_2025-10-21.pdf,27,47,24,False,False,False
data/raw/bvsd/worksession_2025-10-21.pdf,28,47,190,False,False,False
data/raw/bvsd/worksession_2025-10-21.pdf,29,47,220,False,False,False
data/raw/bvsd/worksession_2025-10-21.pdf,30,47,63,False,False,False
data/raw/bvsd/worksession_2025-10-21.pdf,31,47,381,False,False,False
data/raw/bvsd/worksession_2025-10-21.pdf,32,47,176,False,False,False
data/raw/bvsd/worksession_2025-10-21.pdf,33,47,20,False,False,False
data/raw/bvsd/worksession_2025-10-21.pdf,34,47,186,False,False,False
data/raw/bvsd/worksession_2025-10-21.pdf,35,47,136,False,False,False
data/raw/bvsd/worksession_2025-10-21.pdf,36,47,59,False,False,False
data/raw/bvsd/worksession_2025-10-21.pdf,37,47,513,False,False,False
data/raw/bvsd/worksession_2025-10-21.pdf,38,47,603,False,False,False
data/raw/bvsd/worksession_2025-10-21.pdf,39,47,450,False,False,False
data/raw/bvsd/worksession_2025-10-21.pdf,40,47,32,False,False,False
data/raw/bvsd/worksession_2025-10-21.pdf,41,47,163,False,False,False
data/raw/bvsd/worksession_2025-10-21.pdf,42,47,34,False,False,False
data/raw/bvsd/worksession_2025-10-21.pdf,43,47,317,False,False,False
data/raw/bvsd/worksession_2025-10-21.pdf,44,47,12,False,False,False
data/raw/bvsd/worksession_2025-10-21.pdf,45,47,1310,False,False,False
data/raw/bvsd/worksession_2025-10-21.pdf,46,47,87,False,False,False
data/raw/bvsd/worksession_2025-10-21.pdf,47,47,15,False,False,False
