fall,residents,capture,choice_seats,enrollment,in_district_range,above_492,is_today_rates,p_over_492_trend,p_over_492_level
2027,473.0,0.55,0,260.15000000000003,False,False,False,0.0,0.0
2027,473.0,0.55,25,285.15000000000003,False,False,False,0.0,0.0
2027,473.0,0.55,50,310.15000000000003,False,False,False,0.0,0.0
2027,473.0,0.55,75,335.15000000000003,False,False,False,0.0,0.0
2027,473.0,0.55,100,360.15000000000003,False,False,False,0.0,0.0
2027,473.0,0.55,125,385.15000000000003,False,False,False,0.0,0.0
2027,473.0,0.55,163,423.15000000000003,True,False,False,0.0218,0.0203
2027,473.0,0.6,0,283.8,False,False,False,0.0,0.0
2027,473.0,0.6,25,308.8,False,False,False,0.0,0.0
2027,473.0,0.6,50,333.8,False,False,False,0.0,0.0
2027,473.0,0.6,75,358.8,False,False,False,0.0,0.0
2027,473.0,0.6,100,383.8,False,False,False,0.0,0.0
2027,473.0,0.6,125,408.8,True,False,False,0.0058,0.0044
2027,473.0,0.6,163,446.8,False,False,False,0.1044,0.0954
2027,473.0,0.65,0,307.45,False,False,False,0.0,0.0
2027,473.0,0.65,25,332.45,False,False,False,0.0,0.0
2027,473.0,0.65,50,357.45,False,False,False,0.0,0.0
2027,473.0,0.65,75,382.45,False,False,False,0.0,0.0
2027,473.0,0.65,100,407.45,True,False,False,0.005,0.0035
2027,473.0,0.65,125,432.45,True,False,False,0.039,0.0387
2027,473.0,0.65,163,470.45,False,False,False,0.2776,0.2723
2027,473.0,0.7,0,331.09999999999997,False,False,False,0.0,0.0
2027,473.0,0.7,25,356.09999999999997,False,False,False,0.0,0.0
2027,473.0,0.7,50,381.09999999999997,False,False,False,0.0,0.0
2027,473.0,0.7,75,406.09999999999997,True,False,False,0.0038,0.0024
2027,473.0,0.7,100,431.09999999999997,True,False,False,0.0352,0.0343
2027,473.0,0.7,125,456.09999999999997,False,False,False,0.1665,0.1612
2027,473.0,0.7,163,494.09999999999997,False,True,False,0.5243,0.5215
2027,473.0,0.7415506958250497,0,350.75347912524853,False,False,False,0.0,0.0
2027,473.0,0.7415506958250497,25,375.75347912524853,False,False,False,0.0,0.0
2027,473.0,0.7415506958250497,50,400.75347912524853,True,False,False,0.0011,0.0006
2027,473.0,0.7415506958250497,75,425.75347912524853,True,False,False,0.0255,0.0245
2027,473.0,0.7415506958250497,100,450.75347912524853,False,False,False,0.1284,0.1195
2027,473.0,0.7415506958250497,125,475.75347912524853,False,False,False,0.3277,0.3206
2027,473.0,0.7415506958250497,163,513.7534791252485,False,True,True,0.7295,0.7271
2027,473.0,0.8,0,378.40000000000003,False,False,False,0.0,0.0
2027,473.0,0.8,25,403.40000000000003,True,False,False,0.0021,0.001
2027,473.0,0.8,50,428.40000000000003,True,False,False,0.0296,0.0285
2027,473.0,0.8,75,453.40000000000003,False,False,False,0.1471,0.1403
2027,473.0,0.8,100,478.40000000000003,False,False,False,0.3561,0.3474
2027,473.0,0.8,125,503.40000000000003,False,True,False,0.6292,0.6281
2027,473.0,0.8,163,541.4000000000001,False,True,False,0.8816,0.8797
2027,473.0,0.85,0,402.05,True,False,False,0.0015,0.0007
2027,473.0,0.85,25,427.05,True,False,False,0.0273,0.0267
2027,473.0,0.85,50,452.05,False,False,False,0.1377,0.1284
2027,473.0,0.85,75,477.05,False,False,False,0.341,0.3329
2027,473.0,0.85,100,502.05,False,True,False,0.6146,0.6103
2027,473.0,0.85,125,527.05,False,True,False,0.8184,0.8179
2027,473.0,0.85,163,565.05,False,True,False,0.9602,0.9575
2027,473.0,0.9,0,425.7,True,False,False,0.0255,0.0245
2027,473.0,0.9,25,450.7,False,False,False,0.1283,0.119
2027,473.0,0.9,50,475.7,False,False,False,0.3269,0.3196
2027,473.0,0.9,75,500.7,False,True,False,0.6008,0.5945
2027,473.0,0.9,100,525.7,False,True,False,0.8107,0.8108
2027,473.0,0.9,125,550.7,False,True,False,0.9177,0.9141
2027,473.0,0.9,163,588.7,False,True,False,0.9879,0.9867
2030,522.0,0.55,0,287.1,False,False,False,0.0002,0.0
2030,522.0,0.55,25,312.1,False,False,False,0.0004,0.0
2030,522.0,0.55,50,337.1,False,False,False,0.0014,0.0001
2030,522.0,0.55,75,362.1,False,False,False,0.0077,0.0023
2030,522.0,0.55,100,387.1,False,False,False,0.0291,0.0155
2030,522.0,0.55,125,412.1,True,False,False,0.0822,0.0556
2030,522.0,0.55,163,450.1,True,False,False,0.2523,0.2162
2030,522.0,0.6,0,313.2,False,False,False,0.0004,0.0
2030,522.0,0.6,25,338.2,False,False,False,0.0015,0.0001
2030,522.0,0.6,50,363.2,False,False,False,0.0085,0.0024
2030,522.0,0.6,75,388.2,False,False,False,0.0306,0.0161
2030,522.0,0.6,100,413.2,True,False,False,0.0863,0.0594
2030,522.0,0.6,125,438.2,True,False,False,0.1894,0.1532
2030,522.0,0.6,163,476.2,False,False,False,0.4068,0.3863
2030,522.0,0.65,0,339.3,False,False,False,0.0018,0.0002
2030,522.0,0.65,25,364.3,False,False,False,0.0088,0.0029
2030,522.0,0.65,50,389.3,False,False,False,0.0322,0.017
2030,522.0,0.65,75,414.3,True,False,False,0.0895,0.0623
2030,522.0,0.65,100,439.3,True,False,False,0.1958,0.1587
2030,522.0,0.65,125,464.3,False,False,False,0.3318,0.3043
2030,522.0,0.65,163,502.3,False,True,False,0.5633,0.5748
2030,522.0,0.7,0,365.4,False,False,False,0.0091,0.0034
2030,522.0,0.7,25,390.4,False,False,False,0.0336,0.0183
2030,522.0,0.7,50,415.4,True,False,False,0.0943,0.0658
2030,522.0,0.7,75,440.4,True,False,False,0.2007,0.1641
2030,522.0,0.7,100,465.4,False,False,False,0.3384,0.3118
2030,522.0,0.7,125,490.4,False,False,False,0.4899,0.4898
2030,522.0,0.7,163,528.4,False,True,False,0.7064,0.7279
2030,522.0,0.7415506958250497,0,387.08946322067595,False,False,False,0.0291,0.0155
2030,522.0,0.7415506958250497,25,412.08946322067595,True,False,False,0.0822,0.0555
2030,522.0,0.7415506958250497,50,437.08946322067595,True,False,False,0.1836,0.1469
2030,522.0,0.7415506958250497,75,462.08946322067595,False,False,False,0.318,0.2907
2030,522.0,0.7415506958250497,100,487.08946322067595,False,False,False,0.4696,0.4655
2030,522.0,0.7415506958250497,125,512.089463220676,False,True,False,0.6232,0.6368
2030,522.0,0.7415506958250497,163,550.089463220676,False,True,True,0.7975,0.8244
2030,522.0,0.8,0,417.6,True,False,False,0.1023,0.0726
2030,522.0,0.8,25,442.6,True,False,False,0.214,0.1771
2030,522.0,0.8,50,467.6,False,False,False,0.3518,0.3265
2030,522.0,0.8,75,492.6,False,True,False,0.5038,0.505
2030,522.0,0.8,100,517.6,False,True,False,0.6514,0.6674
2030,522.0,0.8,125,542.6,False,True,False,0.7673,0.7955
2030,522.0,0.8,163,580.6,False,True,False,0.8881,0.9138
2030,522.0,0.85,0,443.7,True,False,False,0.2214,0.1838
2030,522.0,0.85,25,468.7,False,False,False,0.3598,0.3338
2030,522.0,0.85,50,493.7,False,True,False,0.5102,0.512
2030,522.0,0.85,75,518.7,False,True,False,0.6568,0.6744
2030,522.0,0.85,100,543.7,False,True,False,0.7724,0.7987
2030,522.0,0.85,125,568.7,False,True,False,0.8571,0.8841
2030,522.0,0.85,163,606.7,False,True,False,0.9356,0.9552
2030,522.0,0.9,0,469.8,False,False,False,0.3659,0.3406
2030,522.0,0.9,25,494.8,False,True,False,0.5167,0.5201
2030,522.0,0.9,50,519.8,False,True,False,0.6621,0.6797
2030,522.0,0.9,75,544.8,False,True,False,0.7774,0.8039
2030,522.0,0.9,100,569.8,False,True,False,0.8595,0.887
2030,522.0,0.9,125,594.8,False,True,False,0.9178,0.9387
2030,522.0,0.9,163,632.8,False,True,False,0.9656,0.9796
